60673,2008-09-13,16:30:50,10,22
71277,2008-09-16,11:10:48,2,3
97114,2008-09-18,21:21:55,4,6
119114,2008-09-23,04:21:39,2,4
286826,2008-11-13,12:45:22,7,2
287379,2008-11-13,16:18:37,4,5
296147,2008-11-17,16:54:16,2,2
329043,2008-11-30,16:37:04,31,2
367368,2008-12-15,02:52:04,86,7
408908,2009-01-03,11:03:34,23,5
410865,2009-01-04,11:43:20,3,4
440364,2009-01-13,19:17:27,2,6
443586,2009-01-14,16:15:21,3,7
479979,2009-01-26,14:38:49,48,4
480248,2009-01-26,15:51:00,40,6
507225,2009-02-03,14:16:11,4,2
525283,2009-02-08,06:45:56,23,5
559881,2009-02-18,04:46:41,2,3
560040,2009-02-18,06:26:54,11,6
568268,2009-02-20,04:21:01,0,1
653205,2009-03-17,06:43:09,1,1
904745,2009-05-24,21:56:49,6,4
932344,2009-05-31,16:05:55,6,3
941669,2009-06-02,20:17:58,3,5
957495,2009-06-05,18:53:59,6,1
970017,2009-06-09,13:16:44,4,2
1001307,2009-06-16,12:56:53,146,27
1015207,2009-06-18,21:14:01,1,6
1113666,2009-07-11,12:58:09,5,4
1213576,2009-07-31,16:34:22,27,2
1221343,2009-08-03,09:10:20,6,2
1232246,2009-08-05,09:55:40,16,4
1245478,2009-08-07,15:38:54,3,1
1259502,2009-08-11,10:18:12,0,1
1269452,2009-08-13,00:33:37,4,7
1293585,2009-08-18,12:43:32,0,2
1297306,2009-08-19,00:38:56,4,2
1311559,2009-08-21,12:05:11,1,5
1358159,2009-08-31,16:07:20,0,1
1439607,2009-09-17,15:31:47,8,5
1440728,2009-09-17,19:00:45,8,2
1464824,2009-09-23,08:59:26,5,4
1473636,2009-09-24,19:15:35,3,2
1508856,2009-10-02,10:49:59,2,3
1519060,2009-10-05,09:34:01,5,6
1535314,2009-10-08,02:29:41,2,2
1596726,2009-10-20,19:13:30,0,1
1655937,2009-10-31,23:42:29,0,2
1709850,2009-11-10,17:47:15,2,2
1715989,2009-11-11,15:36:26,0,2
1819309,2009-11-30,11:38:10,0,1
1850636,2009-12-05,00:52:46,1,2
1920992,2009-12-17,11:03:10,3,2
1966577,2009-12-27,18:00:17,1,4
1977433,2009-12-29,22:54:11,0,2
1981212,2009-12-30,17:00:06,5,1
2027457,2010-01-08,12:15:27,3,2
2072716,2010-01-15,15:34:25,11,1
2128875,2010-01-24,21:13:36,1,2
2153105,2010-01-28,08:10:22,0,4
2253747,2010-02-12,17:29:00,2,4
2265566,2010-02-15,11:31:46,1,1
2323213,2010-02-24,02:11:37,0,1
2338841,2010-02-26,01:01:52,0,5
2355300,2010-03-01,11:03:41,1,2
2406117,2010-03-09,01:47:36,3,3
2408890,2010-03-09,12:19:01,4,3
2410301,2010-03-09,15:46:08,3,2
2411809,2010-03-09,19:10:55,1,4
2452220,2010-03-16,05:01:20,3,2
2460787,2010-03-17,08:43:25,9,3
2506632,2010-03-24,09:51:54,5,4
2518339,2010-03-25,18:32:16,2,1
2519978,2010-03-25,22:44:39,2,1
2549167,2010-03-30,22:26:39,10,2
2581375,2010-04-05,21:44:15,2,4
2654718,2010-04-16,16:47:13,2,4
2695364,2010-04-23,00:02:34,1,4
2736411,2010-04-29,10:10:27,25,4
2755470,2010-05-02,23:42:18,2,2
2770890,2010-05-05,05:47:12,2,1
2820808,2010-05-12,16:30:23,1,3
2830957,2010-05-13,23:27:01,6,2
2842560,2010-05-16,04:10:01,5,1
2855629,2010-05-18,08:30:32,8,4
2916239,2010-05-26,19:48:38,2,5
2923210,2010-05-27,17:05:43,108,6
2940437,2010-05-30,21:38:41,6,8
2950978,2010-06-01,15:19:46,10,2
2951128,2010-06-01,15:40:18,43,6
2955842,2010-06-02,07:49:35,3,1
3076048,2010-06-19,15:37:48,8,6
3084443,2010-06-21,12:07:25,2,1
3101610,2010-06-23,12:36:35,0,3
3121920,2010-06-25,22:48:48,22,6
3129916,2010-06-28,03:35:32,18,2
3189189,2010-07-06,18:40:44,5,1
3191402,2010-07-07,01:54:24,2,1
3195518,2010-07-07,14:03:42,7,4
3212101,2010-07-09,11:20:04,3,1
3263155,2010-07-16,08:32:32,0,2
3286512,2010-07-20,02:11:37,1,1
3311390,2010-07-22,17:03:34,9,5
3321155,2010-07-23,18:17:50,3,3
3366535,2010-07-29,20:10:18,2,2
3407066,2010-08-04,15:24:06,1,1
3408340,2010-08-04,17:59:30,3,2
3441178,2010-08-09,14:44:54,2,2
3456738,2010-08-11,08:46:40,2,4
3614894,2010-09-01,03:43:32,5,1
3683441,2010-09-10,09:15:42,1,1
3691018,2010-09-11,12:41:32,8,2
3734305,2010-09-17,09:55:24,1,1
3786827,2010-09-24,12:01:31,10,7
3806738,2010-09-27,18:36:15,2,3
3842590,2010-10-01,19:55:02,12,2
3894079,2010-10-08,20:29:53,5,2
3942174,2010-10-15,12:23:04,3,3
3944207,2010-10-15,16:30:50,11,1
3963989,2010-10-18,22:38:15,0,3
3968628,2010-10-19,13:06:44,3,2
3994878,2010-10-22,07:56:02,1,1
4128974,2010-11-08,22:58:50,9,2
4168825,2010-11-12,20:34:04,1,3
4202566,2010-11-17,08:14:23,0,2
4247022,2010-11-22,15:30:36,3,7
4350764,2010-12-03,23:12:56,12,5
4367988,2010-12-06,15:33:42,7,1
4416415,2010-12-11,11:09:30,0,2
4441397,2010-12-14,16:21:20,2,3
4469645,2010-12-17,10:36:54,12,8
4473632,2010-12-17,18:28:02,2,1
4506299,2010-12-22,05:01:43,2,1
4526113,2010-12-24,11:44:16,31,6
4581700,2011-01-03,02:28:38,2,3
4597172,2011-01-04,18:45:08,1,1
4633879,2011-01-08,12:38:17,2,2
4686283,2011-01-13,22:54:00,4,2
4704092,2011-01-16,06:03:32,0,3
4764031,2011-01-21,21:35:20,2,2
4779611,2011-01-24,07:30:30,4,2
4793122,2011-01-25,11:47:52,5,1
4868227,2011-02-01,21:36:34,0,5
4890095,2011-02-03,18:23:32,8,2
4969867,2011-02-11,14:02:12,1,2
4979560,2011-02-12,17:46:25,1,1
5013002,2011-02-16,05:58:46,3,3
5040995,2011-02-18,11:56:55,0,1
5046159,2011-02-18,20:23:10,1,4
5090605,2011-02-23,12:00:30,3,3
5116977,2011-02-25,12:01:01,21,4
5127970,2011-02-26,16:03:20,3,6
5176929,2011-03-03,05:13:16,12,3
5200281,2011-03-04,23:09:05,5,1
5204037,2011-03-05,13:18:09,0,1
5295442,2011-03-14,06:27:51,1,5
5305717,2011-03-14,23:08:09,0,3
5308110,2011-03-15,06:11:28,4,4
5330590,2011-03-16,19:19:43,4,4
5349812,2011-03-18,08:53:54,4,6
5402974,2011-03-23,09:14:08,4,3
5478241,2011-03-29,20:02:57,6,2
5540884,2011-04-04,15:39:06,1,3
5557474,2011-04-05,19:36:45,5,1
5559317,2011-04-05,22:26:39,1,1
5566135,2011-04-06,12:13:04,0,1
5566482,2011-04-06,12:40:06,0,2
5601581,2011-04-08,22:54:29,2,3
5613637,2011-04-10,17:55:32,3,2
5706921,2011-04-18,18:00:34,2,1
5795354,2011-04-26,19:19:45,1,3
5795920,2011-04-26,20:15:51,2,2
5860645,2011-05-02,18:02:17,0,1
5879809,2011-05-04,07:13:14,0,1
5970951,2011-05-11,21:39:51,3,1
6052896,2011-05-19,01:40:34,2,2
6090716,2011-05-22,20:53:09,0,2
6097212,2011-05-23,12:30:45,6,1
6100871,2011-05-23,17:45:57,19,4
6105872,2011-05-24,05:01:15,2,1
6200488,2011-06-01,11:37:42,1,3
6232144,2011-06-03,20:11:52,6,2
6258775,2011-06-06,22:32:13,2,2
6298830,2011-06-09,20:26:54,19,5
6306825,2011-06-10,13:11:44,2,1
6310609,2011-06-10,18:33:35,3,3
6338244,2011-06-14,01:42:43,4,3
6492581,2011-06-27,12:06:19,11,3
6509996,2011-06-28,16:41:22,0,1
6550164,2011-07-01,15:44:45,5,3
6579661,2011-07-05,08:14:47,6,2
6650693,2011-07-11,13:20:17,3,2
6655696,2011-07-11,19:52:32,12,4
6698743,2011-07-14,19:18:29,7,3
6749297,2011-07-19,14:59:17,1,2
6790274,2011-07-22,12:51:01,10,4
6807406,2011-07-24,14:31:14,12,2
6828321,2011-07-26,09:59:44,1,2
6917585,2011-08-02,19:36:53,2,2
7008014,2011-08-10,08:41:03,2,6
7061528,2011-08-15,03:42:52,4,1
7094647,2011-08-17,14:36:16,5,1
7182264,2011-08-24,21:06:25,6,2
7189450,2011-08-25,11:18:35,4,1
7196335,2011-08-25,19:49:29,3,1
7218280,2011-08-28,00:32:39,2,1
7331811,2011-09-07,09:46:09,11,3
7375037,2011-09-10,22:13:57,5,3
7493552,2011-09-21,01:14:26,5,2
7493633,2011-09-21,01:33:12,2,1
7497207,2011-09-21,09:03:04,1,1
7507784,2011-09-21,23:06:42,48,10
7523023,2011-09-23,00:28:41,0,1
7608800,2011-09-30,10:02:09,2,3
7741720,2011-10-12,14:30:56,5,5
7746485,2011-10-12,20:58:00,0,2
7801969,2011-10-18,03:06:32,1,2
7828041,2011-10-19,20:58:35,8,2
8024790,2011-11-06,02:16:23,11,4
8119544,2011-11-14,09:31:44,1,1
8124538,2011-11-14,16:17:48,3,1
8147877,2011-11-16,06:59:38,12,3
8242172,2011-11-23,12:25:59,3,1
8277874,2011-11-26,10:42:06,2,1
8306284,2011-11-29,05:26:57,1,0
8309569,2011-11-29,10:54:45,5,6
8324947,2011-11-30,11:08:48,7,4
8447090,2011-12-09,14:41:45,7,1
8456420,2011-12-10,12:13:54,10,1
8460797,2011-12-10,23:37:07,6,2
8514725,2011-12-15,03:22:23,6,1
8522044,2011-12-15,14:59:27,1,1
8579654,2011-12-20,17:47:10,0,2
8621056,2011-12-23,22:09:01,1,1
8717656,2012-01-03,19:36:24,1,2
8833060,2012-01-12,09:54:55,2,1
8836388,2012-01-12,14:07:59,0,1
8872751,2012-01-15,19:42:48,2,1
8913529,2012-01-18,16:18:30,3,11
8937701,2012-01-20,06:45:22,4,2
9030315,2012-01-27,07:46:32,2,2
9053429,2012-01-29,13:13:11,6,3
9065115,2012-01-30,14:09:33,3,2
9178316,2012-02-07,14:48:51,4,1
9193931,2012-02-08,13:09:45,0,1
9204073,2012-02-09,01:03:36,0,0
9316032,2012-02-16,17:29:07,4,1
9383599,2012-02-21,19:09:35,0,0
9389673,2012-02-22,05:44:42,3,2
9427501,2012-02-24,08:19:31,0,0
9503720,2012-02-29,17:23:12,0,1
9562598,2012-03-05,06:41:17,0,5
9631833,2012-03-09,09:38:50,4,1
9695207,2012-03-14,02:41:29,11,4
9735273,2012-03-16,10:08:42,1,2
9785851,2012-03-20,11:25:41,0,3
9797298,2012-03-21,01:06:35,0,0
9815038,2012-03-22,00:56:25,18,4
9826451,2012-03-22,16:24:44,3,2
9843031,2012-03-23,16:37:54,4,1
9955694,2012-03-31,12:03:42,0,4
9975733,2012-04-02,11:39:48,9,1
9992585,2012-04-03,11:46:17,5,2
9996681,2012-04-03,15:37:59,1,1
10211326,2012-04-18,14:18:06,5,2
10214144,2012-04-18,16:52:04,3,2
10278243,2012-04-23,09:50:17,0,1
10344353,2012-04-27,03:23:54,1,0
10368305,2012-04-28,23:01:47,3,2
10378467,2012-04-30,04:22:01,1,1
10402822,2012-05-01,19:06:09,3,2
10418283,2012-05-02,16:53:33,1,0
10486578,2012-05-07,17:42:58,5,1
10505737,2012-05-08,20:09:02,1,1
10646531,2012-05-18,04:02:01,35,4
10714668,2012-05-23,06:35:41,14,1
10737926,2012-05-24,12:55:28,5,1
10855810,2012-06-01,18:52:24,1,2
10928966,2012-06-07,09:17:34,1,2
10985991,2012-06-11,19:02:31,3,6
11030792,2012-06-14,10:03:29,1,1
11036389,2012-06-14,15:27:38,6,3
11055336,2012-06-15,17:15:40,122,3
11131302,2012-06-21,03:58:06,1,2
11143026,2012-06-21,16:55:21,6,2
11149009,2012-06-22,01:10:37,0,1
11187005,2012-06-25,09:51:35,0,1
11232107,2012-06-27,17:47:04,0,1
11290378,2012-07-02,08:43:41,1,0
11302698,2012-07-02,23:46:02,3,1
11349359,2012-07-05,17:22:35,0,0
11433954,2012-07-11,13:40:55,3,5
11437459,2012-07-11,16:46:11,1,1
11452074,2012-07-12,12:40:18,2,5
11461726,2012-07-12,22:35:17,1,1
11619575,2012-07-23,19:58:06,0,1
11650596,2012-07-25,13:17:10,1,2
11666905,2012-07-26,09:59:25,0,4
11672625,2012-07-26,15:23:16,0,1
11685427,2012-07-27,09:52:23,7,2
11690909,2012-07-27,15:25:11,2,1
11725089,2012-07-30,15:57:17,1,1
11801323,2012-08-03,18:31:01,0,1
11832654,2012-08-06,16:58:40,0,2
11866324,2012-08-08,14:09:29,3,1
11870266,2012-08-08,17:50:28,0,3
12093169,2012-08-23,13:50:29,2,2
12162919,2012-08-28,15:46:42,3,2
12200301,2012-08-30,15:23:29,5,3
12201578,2012-08-30,16:37:38,3,1
12360949,2012-09-10,23:53:35,3,2
12463675,2012-09-17,16:41:46,1,2
12526325,2012-09-21,07:48:54,1,1
12589685,2012-09-25,19:20:27,1,2
12686014,2012-10-02,07:21:22,7,2
12729827,2012-10-04,14:41:56,1,3
12788870,2012-10-08,20:20:18,4,1
12873715,2012-10-13,13:47:45,2,3
12955379,2012-10-18,13:03:27,1,1
13165731,2012-10-31,18:56:07,1,1
13170812,2012-11-01,04:07:42,0,3
13244384,2012-11-06,04:27:39,2,1
13255645,2012-11-06,16:50:20,1,1
13265932,2012-11-07,08:39:30,0,1
13320285,2012-11-10,07:48:23,2,4
13344404,2012-11-12,13:15:55,1,1
13378025,2012-11-14,11:32:53,4,3
13412488,2012-11-16,07:51:53,0,1
13500493,2012-11-21,19:17:50,4,0
13539049,2012-11-24,06:50:12,0,1
13787490,2012-12-09,12:49:19,5,2
13799199,2012-12-10,10:35:49,19,1
13807057,2012-12-10,18:35:57,2,1
13873717,2012-12-14,06:23:23,0,1
13916188,2012-12-17,14:38:44,2,1
14130255,2013-01-02,22:28:32,0,2
14169735,2013-01-05,07:36:39,0,3
14207755,2013-01-08,03:25:46,1,2
14327207,2013-01-14,21:38:56,4,4
14380971,2013-01-17,14:14:22,0,1
14435706,2013-01-21,09:29:26,1,1
14460314,2013-01-22,14:00:23,-2,1
14474279,2013-01-23,07:12:41,0,0
14502405,2013-01-24,13:24:34,1,0
14573292,2013-01-28,23:41:05,-1,1
14580969,2013-01-29,10:39:05,5,1
14684946,2013-02-04,10:38:38,0,4
14830958,2013-02-12,11:00:09,0,2
14855135,2013-02-13,13:52:41,1,1
14899628,2013-02-15,17:00:23,2,1
15168717,2013-03-01,23:37:55,0,1
15174808,2013-03-02,13:03:21,2,2
15242600,2013-03-06,08:44:55,2,1
15284487,2013-03-08,00:19:59,0,3
15299539,2013-03-08,17:10:46,0,2
15326998,2013-03-10,20:10:28,0,1
15473643,2013-03-18,09:42:13,3,1
15520239,2013-03-20,09:54:50,6,5
15584690,2013-03-23,08:07:32,0,2
15590920,2013-03-23,19:08:38,1,1
15778453,2013-04-03,03:41:16,3,1
15826828,2013-04-05,05:49:31,0,0
15842614,2013-04-05,20:07:56,0,4
15941392,2013-04-11,05:32:58,0,0
15942936,2013-04-11,07:24:16,4,3
16022574,2013-04-15,18:47:04,1,1
16061361,2013-04-17,13:27:54,2,2
16266414,2013-04-28,18:45:43,2,1
16308336,2013-04-30,20:21:26,0,1
16415625,2013-05-07,09:28:57,0,1
16430592,2013-05-08,00:06:15,0,2
16538973,2013-05-14,09:00:16,4,2
16544428,2013-05-14,13:23:59,5,1
16556813,2013-05-15,04:21:44,8,1
16564042,2013-05-15,11:39:06,3,1
16587247,2013-05-16,12:18:31,-6,1
16652677,2013-05-20,15:15:45,4,1
16653321,2013-05-20,15:50:34,1,2
16670579,2013-05-21,12:56:51,0,1
16672815,2013-05-21,14:41:55,0,0
16678441,2013-05-21,19:59:09,0,1
16699178,2013-05-22,18:32:48,0,0
16721567,2013-05-23,18:44:04,1,1
16969693,2013-06-06,18:40:15,0,0
16992793,2013-06-07,20:54:39,1,2
17034898,2013-06-11,00:33:52,1,2
17059753,2013-06-12,07:18:39,6,3
17062684,2013-06-12,10:00:42,3,2
17102371,2013-06-14,06:27:21,0,0
17112611,2013-06-14,15:57:42,0,0
17183648,2013-06-19,05:42:40,0,1
17186114,2013-06-19,08:13:06,0,1
17340377,2013-06-27,10:10:33,2,1
17375037,2013-06-28,23:21:55,1,3
17402246,2013-07-01,10:26:39,0,1
17510945,2013-07-07,09:43:31,0,1
17531201,2013-07-08,16:07:38,2,1
17645994,2013-07-15,02:41:10,0,0
17697368,2013-07-17,10:29:37,0,1
17723733,2013-07-18,12:41:02,3,2
17751097,2013-07-19,16:29:27,8,0
17783254,2013-07-22,08:47:29,7,3
17804373,2013-07-23,07:50:37,0,4
17868722,2013-07-25,21:04:41,1,1
18070188,2013-08-06,00:58:50,1,1
18093539,2013-08-07,02:15:28,0,1
18136800,2013-08-08,21:53:32,1,4
18147059,2013-08-09,12:49:52,1,2
18158181,2013-08-10,02:44:24,0,1
18239201,2013-08-14,18:12:27,1,1
18364842,2013-08-21,18:17:13,2,1
18374263,2013-08-22,07:32:02,1,2
18449418,2013-08-26,17:15:06,4,1
18468006,2013-08-27,14:17:43,3,1
18499550,2013-08-28,22:49:03,0,1
18535706,2013-08-30,14:44:26,4,1
18578146,2013-09-02,17:19:49,0,1
18641163,2013-09-05,16:09:45,1,1
18663331,2013-09-06,17:27:19,13,2
18718151,2013-09-10,11:47:21,1,1
18746550,2013-09-11,16:29:31,0,4
18790332,2013-09-13,15:44:19,1,1
18858146,2013-09-17,19:19:40,1,2
18993445,2013-09-24,22:52:33,5,2
19174970,2013-10-04,06:45:54,0,1
19177930,2013-10-04,09:35:14,0,1
19185543,2013-10-04,15:51:44,1,1
19387043,2013-10-15,17:10:46,5,1
19461349,2013-10-19,01:33:04,0,1
19465228,2013-10-19,10:51:45,0,1
19499889,2013-10-21,16:27:26,1,1
19573966,2013-10-24,18:40:04,0,1
19620401,2013-10-27,16:26:52,0,1
19655647,2013-10-29,10:31:16,0,1
19664582,2013-10-29,16:57:56,0,1
19684155,2013-10-30,13:51:17,6,5
19694989,2013-10-30,22:25:20,0,0
19726791,2013-11-01,12:29:23,14,2
19740576,2013-11-02,09:28:39,0,1
19785923,2013-11-05,09:47:11,1,3
19871612,2013-11-09,02:14:41,0,4
19892416,2013-11-10,16:59:18,3,1
19970312,2013-11-14,05:36:29,1,1
19976892,2013-11-14,11:49:33,0,4
20162442,2013-11-23,12:43:51,0,1
20259607,2013-11-28,06:57:33,0,1
20266427,2013-11-28,12:36:51,0,1
20353968,2013-12-03,14:34:24,0,1
20401328,2013-12-05,13:30:03,0,1
20490450,2013-12-10,09:22:17,2,1
20500287,2013-12-10,16:48:06,1,0
20546702,2013-12-12,14:52:27,0,1
20550660,2013-12-12,17:52:51,2,1
20559708,2013-12-13,05:27:51,3,5
20599837,2013-12-15,21:09:02,0,1
20686527,2013-12-19,16:16:39,1,4
20941270,2014-01-06,00:51:49,5,2
21136656,2014-01-15,11:50:39,0,0
21235933,2014-01-20,13:57:45,1,1
21272744,2014-01-22,01:58:30,14,2
21277933,2014-01-22,08:38:15,3,2
21298012,2014-01-23,02:10:15,2,0
21323234,2014-01-24,02:22:32,0,1
21400970,2014-01-28,08:57:50,0,1
21508421,2014-02-02,08:10:26,0,1
21693233,2014-02-11,04:37:48,2,2
21700274,2014-02-11,11:13:00,2,2
21824597,2014-02-17,08:58:16,21,2
21995504,2014-02-24,18:05:17,4,4
22014198,2014-02-25,12:26:59,5,0
22100433,2014-02-28,16:22:15,2,0
22119641,2014-03-01,20:02:40,0,1
22296514,2014-03-10,09:36:27,4,2
22339856,2014-03-12,00:55:38,4,1
22341063,2014-03-12,02:52:13,3,1
22425542,2014-03-15,15:12:29,8,2
22529340,2014-03-20,10:00:18,0,2
22544717,2014-03-20,20:47:23,1,2
22565960,2014-03-21,17:48:18,0,2
22738635,2014-03-30,00:13:41,0,1
22762201,2014-03-31,12:59:51,2,3
22805613,2014-04-02,08:27:52,2,1
22813606,2014-04-02,13:50:20,0,1
22932078,2014-04-08,08:52:07,1,0
22958965,2014-04-09,09:55:38,5,2
23000291,2014-04-10,22:33:51,0,2
23195044,2014-04-21,09:59:38,9,1
23236548,2014-04-23,06:31:50,3,3
23245659,2014-04-23,13:20:56,0,1
23378200,2014-04-30,01:35:30,1,0
23382015,2014-04-30,07:21:50,0,1
23400207,2014-05-01,00:14:06,1,2
23704097,2014-05-16,20:33:26,16,3
23803023,2014-05-22,09:37:42,3,2
23830822,2014-05-23,13:41:00,3,2
23968248,2014-05-30,23:00:46,2,1
24072013,2014-06-05,23:46:05,5,1
24118858,2014-06-09,10:58:37,1,0
24127491,2014-06-09,19:27:09,3,2
24157714,2014-06-11,08:06:54,5,1
24184810,2014-06-12,12:46:48,5,3
24297154,2014-06-19,00:50:16,2,1
24369272,2014-06-23,15:06:04,7,4
24396293,2014-06-24,21:06:29,0,2
24403551,2014-06-25,08:18:47,21,1
24501368,2014-07-01,01:45:01,0,1
24519737,2014-07-01,21:43:01,0,1
24532467,2014-07-02,13:30:30,0,2
24546912,2014-07-03,06:54:58,0,2
24677857,2014-07-10,13:30:10,0,1
24738281,2014-07-14,13:59:19,0,1
24848771,2014-07-20,08:36:49,1,1
25013942,2014-07-29,11:12:39,0,0
25184148,2014-08-07,13:41:52,8,1
25225149,2014-08-10,03:07:52,2,3
25226325,2014-08-10,07:04:44,2,2
25228182,2014-08-10,11:34:52,1,1
25376496,2014-08-19,05:52:05,1,2
25831077,2014-09-14,07:32:33,1,0
25897492,2014-09-17,18:10:03,1,1
25986863,2014-09-23,04:23:01,3,1
26034586,2014-09-25,09:07:17,2,1
26087884,2014-09-28,18:03:36,0,2
26152305,2014-10-01,23:31:15,9,3
26184094,2014-10-03,17:49:29,3,1
26231757,2014-10-07,08:31:05,9,1
26245182,2014-10-07,20:58:10,1,1
26254975,2014-10-08,10:43:50,1,2
26286174,2014-10-09,19:09:51,2,1
26489640,2014-10-21,14:50:00,1,1
26634744,2014-10-29,15:44:35,2,3
26663827,2014-10-30,21:41:07,4,1
26795718,2014-11-07,06:54:20,1,0
26818198,2014-11-08,14:38:39,1,1
27049999,2014-11-20,21:35:19,0,1
27053343,2014-11-21,02:50:56,0,2
27130634,2014-11-25,15:28:39,0,1
27219858,2014-12-01,00:06:11,0,2
27254175,2014-12-02,16:25:01,-1,1
27452847,2014-12-12,22:04:54,0,1
27557592,2014-12-18,23:34:05,0,1
27632660,2014-12-24,06:40:40,11,1
27759933,2015-01-03,21:54:44,1,1
27877390,2015-01-10,14:41:07,0,1
27942386,2015-01-14,11:56:07,0,1
28031736,2015-01-19,19:01:04,1,0
28075962,2015-01-21,20:09:44,2,4
28155293,2015-01-26,17:21:23,0,2
28187434,2015-01-28,08:10:49,4,2
28326080,2015-02-04,16:12:50,3,1
28419211,2015-02-09,20:57:58,0,1
28453092,2015-02-11,11:22:40,-1,2
28549635,2015-02-16,20:18:31,1,1
28646888,2015-02-21,14:28:57,0,1
28815255,2015-03-02,16:54:25,5,1
28818460,2015-03-02,20:00:41,1,1
28912594,2015-03-07,07:40:41,3,0
29060043,2015-03-15,11:23:13,1,2
29061067,2015-03-15,13:22:05,2,1
29079619,2015-03-16,14:41:20,0,2
29182103,2015-03-21,11:19:17,0,0
29216175,2015-03-23,17:09:56,2,1
29399824,2015-04-01,20:07:26,0,1
29410809,2015-04-02,10:35:34,0,2
29468724,2015-04-06,09:40:30,0,2
29547886,2015-04-09,20:01:38,0,1
29576423,2015-04-11,09:46:27,1,2
29629947,2015-04-14,14:24:48,3,3
29668884,2015-04-16,08:08:17,2,1
29814047,2015-04-23,04:59:17,3,3
30080236,2015-05-06,14:50:18,1,1
30266009,2015-05-15,18:04:00,-1,2
30352580,2015-05-20,13:28:54,1,3
30644743,2015-06-04,13:12:18,6,3
30827925,2015-06-14,09:42:50,1,3
30838406,2015-06-15,06:13:03,1,4
31275467,2015-07-07,17:28:15,2,1
31295781,2015-07-08,14:32:52,1,0
31324724,2015-07-09,17:47:38,0,0
31372636,2015-07-12,21:11:28,-4,1
31379662,2015-07-13,09:23:13,5,1
31521465,2015-07-20,16:18:12,1,1
31540446,2015-07-21,13:27:54,36,2
31545758,2015-07-21,17:27:45,0,0
31565989,2015-07-22,14:25:58,2,2
31569758,2015-07-22,17:12:43,1,1
31585930,2015-07-23,11:23:52,2,1
31616816,2015-07-24,17:51:48,3,1
31654505,2015-07-27,13:32:47,21,1
31734263,2015-07-30,21:20:10,2,1
31799634,2015-08-04,02:16:52,1,1
31967738,2015-08-12,14:12:49,3,1
31978160,2015-08-13,01:40:49,1,1
31983262,2015-08-13,08:35:30,10,1
32096223,2015-08-19,12:59:06,8,1
32246652,2015-08-27,10:15:25,4,1
32252933,2015-08-27,15:01:38,0,1
32398460,2015-09-04,12:46:27,0,1
32481719,2015-09-09,14:03:28,3,2
32587431,2015-09-15,13:31:10,1,2
32590906,2015-09-15,16:15:08,1,1
32915597,2015-10-02,20:46:01,0,0
33015150,2015-10-08,11:58:39,0,2
33048046,2015-10-09,22:28:54,0,1
33103172,2015-10-13,12:49:07,2,1
33121587,2015-10-14,09:30:26,2,0
33319295,2015-10-24,14:30:20,12,0
33458845,2015-11-01,03:10:09,0,3
33710201,2015-11-14,15:47:33,-1,1
33770374,2015-11-18,01:42:19,3,4
33781140,2015-11-18,13:17:26,3,2
33832491,2015-11-20,17:18:47,1,1
33844849,2015-11-21,15:03:34,1,0
33918130,2015-11-25,13:46:35,0,2
33977563,2015-11-28,23:16:31,2,0
34071716,2015-12-03,16:52:01,1,2
34085366,2015-12-04,09:50:48,3,1
34100118,2015-12-05,01:15:12,2,2
34112980,2015-12-06,01:32:31,2,2
34256592,2015-12-13,21:29:32,0,3
34301579,2015-12-15,23:44:27,1,1
34327430,2015-12-17,05:45:28,0,2
34338162,2015-12-17,15:23:51,2,1
34363635,2015-12-18,20:41:41,1,3
34380859,2015-12-20,12:10:39,-5,2
34394938,2015-12-21,11:45:38,0,1
34446207,2015-12-24,01:43:53,2,1
34777302,2016-01-13,21:25:14,2,1
35405833,2016-02-15,09:38:26,1,0
35583483,2016-02-23,16:53:55,2,1
35640209,2016-02-25,23:05:07,0,0
35689094,2016-02-28,22:29:07,8,1
35703092,2016-02-29,15:19:14,10,1
35703285,2016-02-29,15:27:37,1,1
35896090,2016-03-09,15:40:40,0,2
35949853,2016-03-11,21:03:00,0,3
36216297,2016-03-25,08:10:29,0,0
36350420,2016-04-01,07:27:38,0,0
36570911,2016-04-12,10:43:22,5,2
36819718,2016-04-24,05:42:57,0,0
37044445,2016-05-05,07:01:55,0,1
37107832,2016-05-09,04:40:25,2,1
37198384,2016-05-12,22:18:32,0,0
37450686,2016-05-26,02:43:39,1,1
37477439,2016-05-27,07:31:59,0,1
37526598,2016-05-30,13:13:14,2,2
37770462,2016-06-12,03:28:13,0,0
37961528,2016-06-22,07:38:49,0,0
38292741,2016-07-10,14:05:05,1,1
38378525,2016-07-14,15:38:46,0,0
38391304,2016-07-15,08:23:10,0,0
38412251,2016-07-16,14:38:14,-1,1
38500019,2016-07-21,09:18:39,0,0
38543930,2016-07-23,16:23:41,1,1
38643041,2016-07-28,17:28:18,1,0
38648775,2016-07-29,00:33:46,2,2
38887340,2016-08-11,04:35:56,1,1
38894078,2016-08-11,10:40:55,0,2
38928839,2016-08-13,03:14:49,2,0
38950909,2016-08-15,07:26:00,1,1
38966363,2016-08-16,03:47:56,0,1
39097257,2016-08-23,09:22:27,3,1
39179957,2016-08-27,10:14:53,1,1
39209430,2016-08-29,15:03:47,0,0
39291850,2016-09-02,11:55:56,2,2
39328395,2016-09-05,10:15:00,1,1
39393388,2016-09-08,14:18:36,0,1
39489183,2016-09-14,11:22:57,1,0
39579959,2016-09-19,18:39:04,2,1
39614294,2016-09-21,10:41:55,0,2
39772075,2016-09-29,13:45:00,0,0
39778385,2016-09-29,19:21:35,0,1
39813612,2016-10-02,03:35:38,0,1
39862240,2016-10-04,21:42:20,1,1
39994054,2016-10-12,08:35:11,1,2
40154012,2016-10-20,12:08:44,0,0
40205440,2016-10-23,17:00:16,0,0
40283108,2016-10-27,11:09:39,0,0
40332448,2016-10-30,18:53:46,2,1
40385195,2016-11-02,16:38:37,1,2
40415392,2016-11-04,04:39:42,2,1
40434424,2016-11-05,03:22:36,0,1
40455338,2016-11-06,22:36:01,3,1
40522164,2016-11-10,07:33:05,1,0
40528656,2016-11-10,13:20:39,1,1
40538621,2016-11-10,23:09:05,1,0
40620646,2016-11-15,22:10:59,0,1
40738910,2016-11-22,10:04:40,0,0
40863157,2016-11-29,10:12:58,0,1
40897461,2016-11-30,20:21:56,2,2
40911804,2016-12-01,13:23:12,5,2
40987457,2016-12-05,19:47:54,0,0
41005932,2016-12-06,22:14:08,0,2
41062953,2016-12-09,14:46:14,0,0
41228820,2016-12-19,18:31:42,1,1
41233923,2016-12-20,02:20:11,1,1
41288032,2016-12-22,16:47:48,-1,1
41291835,2016-12-22,21:22:39,2,0
41347966,2016-12-27,15:35:08,0,0
41425972,2017-01-02,11:27:41,0,1
41473982,2017-01-04,22:03:02,2,1
41630029,2017-01-13,08:11:53,1,0
41985790,2017-02-01,17:19:57,0,1
42112296,2017-02-08,11:48:57,0,0
42180111,2017-02-11,19:12:44,0,0
42207831,2017-02-13,15:36:34,0,1
42216740,2017-02-14,02:14:48,3,1
42270255,2017-02-16,09:46:16,0,0
42355160,2017-02-20,22:13:08,0,1
42418351,2017-02-23,14:19:58,0,0
42436375,2017-02-24,10:32:17,0,1
42587814,2017-03-03,20:22:37,0,0
