60682,60673,2008-09-13,16:50:23,0
60687,60673,2008-09-13,16:57:26,7
60712,60673,2008-09-13,17:28:03,9
60715,60673,2008-09-13,17:32:34,4
60721,60673,2008-09-13,17:44:11,1
60733,60673,2008-09-13,17:58:58,1
60735,60673,2008-09-13,18:00:22,9
60747,60673,2008-09-13,18:13:00,3
60749,60673,2008-09-13,18:19:43,4
60773,60673,2008-09-13,19:03:17,1
60796,60673,2008-09-13,19:46:10,7
61182,60673,2008-09-14,07:25:29,0
61187,60673,2008-09-14,07:35:47,3
61273,60673,2008-09-14,11:09:29,5
64902,60673,2008-09-15,17:25:57,1
64984,60673,2008-09-15,17:35:45,2
65279,60673,2008-09-15,18:11:48,1
70111,60673,2008-09-16,07:39:10,1
70220,60673,2008-09-16,07:57:12,0
70260,60673,2008-09-16,08:07:15,1
181235,60673,2008-10-08,03:31:19,1
24837894,60673,2014-07-19,07:30:10,0
75166,71277,2008-09-16,18:03:34,3
111911,71277,2008-09-21,19:58:05,0
184105,71277,2008-10-08,18:19:20,1
97174,97114,2008-09-18,21:27:15,2
97227,97114,2008-09-18,21:34:16,1
97245,97114,2008-09-18,21:36:12,0
97248,97114,2008-09-18,21:36:26,1
97318,97114,2008-09-18,21:44:19,3
102440,97114,2008-09-19,14:48:57,1
119121,119114,2008-09-23,04:24:30,2
119127,119114,2008-09-23,04:25:23,1
119148,119114,2008-09-23,04:32:42,6
121330,119114,2008-09-23,14:27:50,3
286838,286826,2008-11-13,12:53:18,2
287222,286826,2008-11-13,15:22:46,3
287392,287379,2008-11-13,16:21:59,4
287393,287379,2008-11-13,16:22:24,0
287395,287379,2008-11-13,16:23:07,8
287405,287379,2008-11-13,16:25:25,12
287521,287379,2008-11-13,17:02:13,14
296185,296147,2008-11-17,17:06:51,4
296215,296147,2008-11-17,17:13:51,3
329072,329043,2008-11-30,17:04:37,55
10847898,329043,2012-06-01,09:39:20,0
367430,367368,2008-12-15,03:50:21,111
478912,367368,2009-01-26,05:36:57,82
1384658,367368,2009-09-06,01:27:52,2
2692796,367368,2010-04-22,16:50:25,1
3664522,367368,2010-09-08,03:49:42,0
8793346,367368,2012-01-09,18:34:07,33
8949373,367368,2012-01-20,23:51:54,4
408918,408908,2009-01-03,11:10:11,21
408920,408908,2009-01-03,11:10:48,2
408923,408908,2009-01-03,11:13:55,4
408937,408908,2009-01-03,11:24:38,5
411279,408908,2009-01-04,17:04:53,1
410873,410865,2009-01-04,11:49:09,1
410929,410865,2009-01-04,12:37:28,5
410996,410865,2009-01-04,13:48:11,1
411168,410865,2009-01-04,15:47:34,5
440525,440364,2009-01-13,19:53:54,6
440539,440364,2009-01-13,19:58:21,3
440582,440364,2009-01-13,20:08:36,4
443773,440364,2009-01-14,16:55:37,1
450969,440364,2009-01-16,16:15:51,1
3217383,440364,2010-07-10,01:03:21,1
443615,443586,2009-01-14,16:19:28,8
443622,443586,2009-01-14,16:21:18,1
443624,443586,2009-01-14,16:21:32,1
443628,443586,2009-01-14,16:22:13,0
443643,443586,2009-01-14,16:25:55,0
443666,443586,2009-01-14,16:32:10,3
443761,443586,2009-01-14,16:51:04,2
480207,479979,2009-01-26,15:40:39,97
1804854,479979,2009-11-26,17:17:47,9
8093178,479979,2011-11-11,11:15:29,0
17147035,479979,2013-06-17,12:02:27,1
480253,480248,2009-01-26,15:54:03,12
480355,480248,2009-01-26,16:20:21,11
480422,480248,2009-01-26,16:35:43,1
480491,480248,2009-01-26,16:54:15,-2
12229181,480248,2012-09-01,15:47:40,1
14905549,480248,2013-02-16,00:26:35,5
508349,507225,2009-02-03,18:37:26,5
850461,507225,2009-05-11,22:56:44,2
525313,525283,2009-02-08,07:09:13,16
525338,525283,2009-02-08,07:36:21,2
525341,525283,2009-02-08,07:37:46,3
532592,525283,2009-02-10,14:39:57,1
17218371,525283,2013-06-20,15:58:53,2
559926,559881,2009-02-18,05:11:51,4
559952,559881,2009-02-18,05:26:39,1
560105,559881,2009-02-18,07:05:45,1
560044,560040,2009-02-18,06:30:22,21
560045,560040,2009-02-18,06:31:23,3
561338,560040,2009-02-18,14:47:12,16
563187,560040,2009-02-18,22:43:46,4
5320530,560040,2011-03-16,02:53:03,7
6420277,560040,2011-06-21,04:16:17,0
568299,568268,2009-02-20,04:45:14,3
653216,653205,2009-03-17,06:48:47,0
904762,904745,2009-05-24,22:09:27,7
904763,904745,2009-05-24,22:10:08,7
904915,904745,2009-05-25,00:07:28,5
3151456,904745,2010-06-30,16:46:41,0
932351,932344,2009-05-31,16:09:54,2
932391,932344,2009-05-31,16:29:05,1
984687,932344,2009-06-12,01:54:58,2
941716,941669,2009-06-02,20:25:28,5
941746,941669,2009-06-02,20:31:32,0
941818,941669,2009-06-02,20:45:05,1
941916,941669,2009-06-02,21:04:10,0
942043,941669,2009-06-02,21:41:30,1
957555,957495,2009-06-05,19:04:13,16
970134,970017,2009-06-09,13:35:44,9
970152,970017,2009-06-09,13:38:22,3
1001326,1001307,2009-06-16,13:00:03,5
1001327,1001307,2009-06-16,13:00:05,14
1001328,1001307,2009-06-16,13:00:37,46
1001329,1001307,2009-06-16,13:00:52,0
1001330,1001307,2009-06-16,13:00:53,64
1001333,1001307,2009-06-16,13:01:09,1
1001338,1001307,2009-06-16,13:02:25,1
1001344,1001307,2009-06-16,13:03:53,7
1001367,1001307,2009-06-16,13:06:54,4
1001373,1001307,2009-06-16,13:08:04,131
1001523,1001307,2009-06-16,13:36:04,23
1001952,1001307,2009-06-16,14:44:48,2
1002985,1001307,2009-06-16,17:55:05,0
1022302,1001307,2009-06-20,19:15:07,13
5877438,1001307,2011-05-04,01:11:06,17
12688372,1001307,2012-10-02,10:10:30,3
12867287,1001307,2012-10-12,21:22:12,6
13552171,1001307,2012-11-25,14:56:32,0
13552709,1001307,2012-11-25,15:58:47,4
19380353,1001307,2013-10-15,11:41:56,0
23774099,1001307,2014-05-21,04:43:39,3
26083182,1001307,2014-09-28,08:46:33,0
28512009,1001307,2015-02-14,03:10:03,1
29721618,1001307,2015-04-18,19:08:44,1
32513998,1001307,2015-09-11,01:14:27,3
38141476,1001307,2016-07-01,09:11:07,0
42297419,1001307,2017-02-17,11:58:49,0
1015241,1015207,2009-06-18,21:20:30,9
1015245,1015207,2009-06-18,21:21:19,5
1015246,1015207,2009-06-18,21:21:20,0
1015273,1015207,2009-06-18,21:27:12,0
1015274,1015207,2009-06-18,21:27:24,1
1015275,1015207,2009-06-18,21:27:29,2
1113670,1113666,2009-07-11,13:01:03,10
1113676,1113666,2009-07-11,13:03:54,10
1113711,1113666,2009-07-11,13:24:16,-3
1113712,1113666,2009-07-11,13:24:21,4
1213594,1213576,2009-07-31,16:38:11,22
27223291,1213576,2014-12-01,07:06:14,1
1221440,1221343,2009-08-03,09:36:12,10
19164234,1221343,2013-10-03,16:21:03,6
1232918,1232246,2009-08-05,12:24:22,3
1233148,1232246,2009-08-05,13:07:44,5
2068400,1232246,2010-01-14,23:48:33,1
17740754,1232246,2013-07-19,07:46:54,4
1399250,1245478,2009-09-09,11:58:09,1
1259517,1259502,2009-08-11,10:23:27,1
1269476,1269452,2009-08-13,00:40:36,0
1269478,1269452,2009-08-13,00:41:41,-3
1269479,1269452,2009-08-13,00:42:06,5
1269482,1269452,2009-08-13,00:44:23,1
1269497,1269452,2009-08-13,00:49:04,0
1269658,1269452,2009-08-13,02:02:03,3
1272745,1269452,2009-08-13,15:33:59,3
1294559,1293585,2009-08-18,15:16:36,3
1716457,1293585,2009-11-11,16:39:03,0
1302966,1297306,2009-08-19,22:29:07,3
29556382,1297306,2015-04-10,08:07:43,1
1311565,1311559,2009-08-21,12:06:59,5
1311573,1311559,2009-08-21,12:08:49,1
1311588,1311559,2009-08-21,12:12:44,0
1311595,1311559,2009-08-21,12:13:45,3
1311803,1311559,2009-08-21,13:02:31,0
1358193,1358159,2009-08-31,16:18:45,0
1439617,1439607,2009-09-17,15:33:22,6
1439670,1439607,2009-09-17,15:42:51,29
1439846,1439607,2009-09-17,16:15:59,3
1441783,1439607,2009-09-17,23:10:00,1
32751800,1439607,2015-09-24,01:04:21,0
1441965,1440728,2009-09-18,00:05:38,0
2652199,1440728,2010-04-16,10:33:51,6
1464838,1464824,2009-09-23,09:02:05,19
1464839,1464824,2009-09-23,09:02:19,3
1464856,1464824,2009-09-23,09:06:43,2
1464880,1464824,2009-09-23,09:13:39,2
1473662,1473636,2009-09-24,19:20:27,3
1473675,1473636,2009-09-24,19:22:24,-1
1675696,1508856,2009-11-04,18:20:01,0
1676134,1508856,2009-11-04,19:44:37,3
6933555,1508856,2011-08-03,21:30:18,1
1519071,1519060,2009-10-05,09:37:38,0
1519077,1519060,2009-10-05,09:38:25,0
1667547,1519060,2009-11-03,14:12:09,2
2094988,1519060,2010-01-19,16:22:24,6
8212364,1519060,2011-11-21,13:11:21,1
10990543,1519060,2012-06-12,04:27:10,0
1538201,1535314,2009-10-08,14:32:21,1
1797871,1535314,2009-11-25,15:52:35,1
1596935,1596726,2009-10-20,19:57:37,0
1655963,1655937,2009-10-31,23:55:51,1
4243613,1655937,2010-11-22,08:34:21,0
1709944,1709850,2009-11-10,18:01:25,2
6181034,1709850,2011-05-30,21:51:28,1
1716008,1715989,2009-11-11,15:38:14,1
1716197,1715989,2009-11-11,16:07:02,1
1819325,1819309,2009-11-30,11:43:10,0
1850664,1850636,2009-12-05,00:59:23,4
1850669,1850636,2009-12-05,00:59:38,3
1921061,1920992,2009-12-17,11:15:29,3
1921076,1920992,2009-12-17,11:19:11,0
1966590,1966577,2009-12-27,18:04:37,3
1966593,1966577,2009-12-27,18:05:05,2
1966834,1966577,2009-12-27,19:47:35,1
1967118,1966577,2009-12-27,21:39:51,0
1977456,1977433,2009-12-29,22:58:05,6
1977787,1977433,2009-12-30,00:28:10,6
1981249,1981212,2009-12-30,17:08:08,5
2027480,2027457,2010-01-08,12:21:21,5
2027485,2027457,2010-01-08,12:22:20,3
2072900,2072716,2010-01-15,16:00:30,3
2128950,2128875,2010-01-24,21:31:33,2
2129031,2128875,2010-01-24,21:49:15,4
2153131,2153105,2010-01-28,08:16:40,3
2153162,2153105,2010-01-28,08:26:41,0
2153236,2153105,2010-01-28,08:46:35,5
2229952,2153105,2010-02-09,14:57:49,1
2253781,2253747,2010-02-12,17:33:45,0
2253792,2253747,2010-02-12,17:35:55,6
2253827,2253747,2010-02-12,17:42:11,2
2253964,2253747,2010-02-12,18:02:31,0
2265600,2265566,2010-02-15,11:37:38,7
2323434,2323213,2010-02-24,03:13:38,1
2338872,2338841,2010-02-26,01:10:00,9
2338892,2338841,2010-02-26,01:15:40,1
2339068,2338841,2010-02-26,02:10:53,1
2339090,2338841,2010-02-26,02:17:42,1
2341944,2338841,2010-02-26,13:37:46,0
2355335,2355300,2010-03-01,11:08:56,4
2355578,2355300,2010-03-01,12:02:08,2
2406137,2406117,2010-03-09,01:51:37,2
2407289,2406117,2010-03-09,07:28:07,1
2407335,2406117,2010-03-09,07:38:05,0
2408924,2408890,2010-03-09,12:23:32,5
2415986,2408890,2010-03-10,10:08:24,1
2416135,2408890,2010-03-10,10:36:23,1
2410426,2410301,2010-03-09,16:01:36,6
34316516,2410301,2015-12-16,15:56:52,1
2411833,2411809,2010-03-09,19:14:07,2
2411868,2411809,2010-03-09,19:18:12,4
2411891,2411809,2010-03-09,19:22:35,4
2420127,2411809,2010-03-10,20:01:16,0
2453885,2452220,2010-03-16,11:27:14,3
2455329,2452220,2010-03-16,14:48:04,2
2461369,2460787,2010-03-17,10:16:35,6
2462500,2460787,2010-03-17,13:23:33,7
2466851,2460787,2010-03-18,00:21:12,1
2506644,2506632,2010-03-24,09:53:44,14
2506654,2506632,2010-03-24,09:56:06,4
2506655,2506632,2010-03-24,09:56:13,4
2506797,2506632,2010-03-24,10:19:36,2
2605113,2518339,2010-04-09,04:38:20,-2
2520330,2519978,2010-03-26,00:04:20,0
2549725,2549167,2010-03-31,00:53:51,2
2551737,2549167,2010-03-31,09:27:50,6
2581426,2581375,2010-04-05,21:54:38,3
2581553,2581375,2010-04-05,22:27:43,2
2581660,2581375,2010-04-05,22:52:56,1
2582259,2581375,2010-04-06,02:06:19,0
2654911,2654718,2010-04-16,17:16:03,0
2818966,2654718,2010-05-12,13:00:29,0
2919547,2654718,2010-05-27,08:30:59,0
29647558,2654718,2015-04-15,10:14:56,1
2695370,2695364,2010-04-23,00:05:11,6
2695371,2695364,2010-04-23,00:05:28,0
2695378,2695364,2010-04-23,00:07:41,2
2695407,2695364,2010-04-23,00:14:48,1
2736993,2736411,2010-04-29,11:49:52,9
4070290,2736411,2010-11-01,15:25:36,22
11235586,2736411,2012-06-27,22:18:48,4
15118569,2736411,2013-02-27,17:36:26,0
2755661,2755470,2010-05-03,00:52:39,4
22021591,2755470,2014-02-25,17:22:46,1
2779795,2770890,2010-05-06,09:02:14,2
2820852,2820808,2010-05-12,16:34:53,-1
2820873,2820808,2010-05-12,16:38:22,6
2820885,2820808,2010-05-12,16:39:50,2
2830971,2830957,2010-05-13,23:33:10,4
2831063,2830957,2010-05-14,00:03:55,0
2842566,2842560,2010-05-16,04:13:21,6
2855659,2855629,2010-05-18,08:36:51,9
2855669,2855629,2010-05-18,08:39:21,1
2934877,2855629,2010-05-29,11:47:41,4
29265689,2855629,2015-03-25,20:17:05,1
2916256,2916239,2010-05-26,19:51:05,0
2916265,2916239,2010-05-26,19:51:43,2
2916266,2916239,2010-05-26,19:51:51,7
2916289,2916239,2010-05-26,19:54:56,1
2916383,2916239,2010-05-26,20:09:36,0
2928835,2923210,2010-05-28,12:15:18,108
4457508,2923210,2010-12-16,04:44:41,40
7888576,2923210,2011-10-25,11:29:40,2
7985047,2923210,2011-11-02,17:56:56,2
12737781,2923210,2012-10-05,00:14:08,12
28757124,2923210,2015-02-27,03:39:28,3
2940459,2940437,2010-05-30,21:42:55,7
2940463,2940437,2010-05-30,21:43:41,2
2940482,2940437,2010-05-30,21:48:50,8
2940483,2940437,2010-05-30,21:49:26,0
2940485,2940437,2010-05-30,21:49:45,0
2940534,2940437,2010-05-30,22:13:32,0
2940847,2940437,2010-05-31,00:31:45,5
34567734,2940437,2016-01-02,15:54:05,0
2951437,2950978,2010-06-01,16:15:41,2
3284021,2950978,2010-07-19,18:48:53,0
2951200,2951128,2010-06-01,15:49:48,17
4509854,2951128,2010-12-22,13:56:01,94
6668136,2951128,2011-07-12,17:06:27,-7
8865615,2951128,2012-01-14,21:48:21,55
17041168,2951128,2013-06-11,09:47:41,6
30330886,2951128,2015-05-19,16:13:21,3
5782010,2955842,2011-04-25,19:01:28,1
3076093,3076048,2010-06-19,15:50:51,3
3076127,3076048,2010-06-19,15:59:11,2
3076463,3076048,2010-06-19,17:12:34,3
3077887,3076048,2010-06-20,01:31:26,6
38898198,3076048,2016-08-11,13:47:14,1
38898906,3076048,2016-08-11,14:16:26,0
3084947,3084443,2010-06-21,13:15:12,11
3101628,3101610,2010-06-23,12:38:53,0
3107660,3101610,2010-06-24,06:26:53,0
16736384,3101610,2013-05-24,13:41:08,0
3126224,3121920,2010-06-27,02:57:44,25
5188304,3121920,2011-03-04,00:24:07,1
9721589,3121920,2012-03-15,14:17:46,1
25531554,3121920,2014-08-27,15:45:56,2
26113937,3121920,2014-09-30,06:12:58,0
31334315,3121920,2015-07-10,06:53:56,0
3130040,3129916,2010-06-28,04:19:22,-1
3130371,3129916,2010-06-28,06:06:15,29
3190519,3189189,2010-07-06,21:53:18,4
3191698,3191402,2010-07-07,03:30:59,1
3197055,3195518,2010-07-07,16:55:23,0
3266573,3195518,2010-07-16,15:44:29,0
3331635,3195518,2010-07-26,00:45:15,1
4677951,3195518,2011-01-13,08:09:12,2
3214266,3212101,2010-07-09,15:46:17,6
3263197,3263155,2010-07-16,08:37:58,1
3263313,3263155,2010-07-16,08:55:51,1
3304761,3286512,2010-07-21,23:49:23,3
3311436,3311390,2010-07-22,17:08:55,12
3311444,3311390,2010-07-22,17:09:32,0
3311451,3311390,2010-07-22,17:10:03,1
3311472,3311390,2010-07-22,17:12:13,0
3311488,3311390,2010-07-22,17:13:53,12
3321378,3321155,2010-07-23,18:48:27,3
3322908,3321155,2010-07-23,22:44:09,2
3325951,3321155,2010-07-24,16:49:30,2
3366578,3366535,2010-07-29,20:16:26,4
3435496,3366535,2010-08-08,18:21:48,0
3416109,3407066,2010-08-05,15:05:24,0
3408531,3408340,2010-08-04,18:22:22,1
3731059,3408340,2010-09-16,21:42:23,0
3441221,3441178,2010-08-09,14:50:28,4
4871168,3441178,2011-02-02,05:43:11,0
3456811,3456738,2010-08-11,08:57:32,0
3457438,3456738,2010-08-11,10:36:12,0
3461692,3456738,2010-08-11,18:39:21,2
26066125,3456738,2014-09-26,18:31:56,0
3614941,3614894,2010-09-01,03:57:01,7
3683884,3683441,2010-09-10,10:29:58,0
3691068,3691018,2010-09-11,12:58:15,4
3691586,3691018,2010-09-11,15:41:36,1
3734401,3734305,2010-09-17,10:09:43,0
3786860,3786827,2010-09-24,12:04:41,20
3786868,3786827,2010-09-24,12:05:50,1
3786883,3786827,2010-09-24,12:07:22,1
3786886,3786827,2010-09-24,12:07:37,6
3787571,3786827,2010-09-24,13:29:03,5
3787634,3786827,2010-09-24,13:36:17,0
23037131,3786827,2014-04-12,22:57:29,0
3806790,3806738,2010-09-27,18:45:22,2
3806797,3806738,2010-09-27,18:47:02,0
3806853,3806738,2010-09-27,18:53:43,0
3842608,3842590,2010-10-01,19:57:27,16
3842613,3842590,2010-10-01,19:57:50,25
3894194,3894079,2010-10-08,20:47:04,4
3894316,3894079,2010-10-08,21:09:22,1
3942191,3942174,2010-10-15,12:26:25,1
3942193,3942174,2010-10-15,12:26:33,5
35553928,3942174,2016-02-22,12:38:02,1
3947381,3944207,2010-10-16,02:13:44,10
3964329,3963989,2010-10-18,23:39:26,0
3964383,3963989,2010-10-18,23:51:06,2
3965890,3963989,2010-10-19,06:39:01,3
3968715,3968628,2010-10-19,13:15:40,0
4841309,3968628,2011-01-30,05:17:15,1
3995075,3994878,2010-10-22,08:27:07,6
4129083,4128974,2010-11-08,23:21:11,0
4377014,4128974,2010-12-07,13:20:18,1
4168863,4168825,2010-11-12,20:37:45,2
4168885,4168825,2010-11-12,20:42:04,10
11239345,4168825,2012-06-28,06:45:57,0
4208357,4202566,2010-11-17,19:33:09,0
4209908,4202566,2010-11-17,22:40:22,0
4247073,4247022,2010-11-22,15:34:13,4
4247130,4247022,2010-11-22,15:37:46,1
4247146,4247022,2010-11-22,15:39:30,1
4247201,4247022,2010-11-22,15:43:42,1
4247203,4247022,2010-11-22,15:43:44,1
4247775,4247022,2010-11-22,16:38:24,0
4349965,4247022,2010-12-03,21:20:05,0
4351243,4350764,2010-12-04,00:48:13,0
4355277,4350764,2010-12-04,19:07:04,1
4833617,4350764,2011-01-28,22:20:02,5
4838334,4350764,2011-01-29,17:33:03,1
5320255,4350764,2011-03-16,02:04:56,7
4368089,4367988,2010-12-06,15:44:56,11
4416426,4416415,2010-12-11,11:12:36,0
4416429,4416415,2010-12-11,11:13:30,5
4441512,4441397,2010-12-14,16:30:23,0
4441540,4441397,2010-12-14,16:32:41,0
4441597,4441397,2010-12-14,16:36:34,11
4469661,4469645,2010-12-17,10:39:57,-4
4469735,4469645,2010-12-17,10:48:07,2
4469745,4469645,2010-12-17,10:49:12,7
4469752,4469645,2010-12-17,10:49:47,1
4469757,4469645,2010-12-17,10:50:19,0
4470166,4469645,2010-12-17,11:52:21,0
4470243,4469645,2010-12-17,12:01:37,1
4473825,4469645,2010-12-17,18:52:49,1
4473969,4473632,2010-12-17,19:11:44,6
4506491,4506299,2010-12-22,05:40:23,1
4526126,4526113,2010-12-24,11:47:46,28
4526154,4526113,2010-12-24,11:53:09,5
4526352,4526113,2010-12-24,12:35:55,13
20797501,4526113,2013-12-27,08:41:09,4
29182428,4526113,2015-03-21,11:58:20,3
37493604,4526113,2016-05-27,23:21:43,2
4581744,4581700,2011-01-03,02:38:05,1
4581793,4581700,2011-01-03,02:56:16,2
4582353,4581700,2011-01-03,05:56:23,2
4597189,4597172,2011-01-04,18:47:44,2
4633931,4633879,2011-01-08,12:49:21,4
4633990,4633879,2011-01-08,13:02:28,2
4686342,4686283,2011-01-13,23:02:01,7
4686348,4686283,2011-01-13,23:02:17,2
4704592,4704092,2011-01-16,09:13:12,2
4706054,4704092,2011-01-16,15:03:04,0
5357973,4704092,2011-03-18,21:24:09,0
4764133,4764031,2011-01-21,21:46:17,2
4764138,4764031,2011-01-21,21:46:27,6
4779628,4779611,2011-01-24,07:33:50,6
4792326,4779611,2011-01-25,10:24:15,1
4793789,4793122,2011-01-25,12:56:33,1
4868358,4868227,2011-02-01,21:50:55,1
4868371,4868227,2011-02-01,21:52:32,4
4868382,4868227,2011-02-01,21:54:01,1
4868471,4868227,2011-02-01,22:03:00,1
4870199,4868227,2011-02-02,02:26:39,1
4890153,4890095,2011-02-03,18:30:04,14
4890269,4890095,2011-02-03,18:41:02,6
4969896,4969867,2011-02-11,14:03:50,2
6217145,4969867,2011-06-02,16:10:20,3
4979682,4979560,2011-02-12,18:06:23,0
5013132,5013002,2011-02-16,06:19:55,4
10866206,5013002,2012-06-02,21:48:21,4
36624820,5013002,2016-04-14,13:36:13,0
5521807,5040995,2011-04-02,07:17:00,1
5046250,5046159,2011-02-18,20:32:44,0
5046375,5046159,2011-02-18,20:46:21,1
5046480,5046159,2011-02-18,20:55:41,0
5046671,5046159,2011-02-18,21:18:10,2
5090674,5090605,2011-02-23,12:06:35,3
5184684,5090605,2011-03-03,18:09:56,0
5186493,5090605,2011-03-03,21:01:48,0
5117005,5116977,2011-02-25,12:04:34,51
5117008,5116977,2011-02-25,12:04:55,7
5117016,5116977,2011-02-25,12:05:27,2
8570515,5116977,2011-12-20,03:41:34,2
5128025,5127970,2011-02-26,16:12:02,2
5128030,5127970,2011-02-26,16:12:44,2
5197217,5127970,2011-03-04,17:34:10,2
5203277,5127970,2011-03-05,10:39:32,0
20205135,5127970,2013-11-25,22:53:18,0
20349480,5127970,2013-12-03,11:08:59,1
5177434,5176929,2011-03-03,06:28:10,20
5182909,5176929,2011-03-03,15:37:19,1
5184620,5176929,2011-03-03,18:02:46,1
5200404,5200281,2011-03-04,23:26:44,1
5204046,5204037,2011-03-05,13:21:16,1
5295482,5295442,2011-03-14,06:33:07,1
5295515,5295442,2011-03-14,06:37:58,1
5296075,5295442,2011-03-14,08:00:53,1
5320403,5295442,2011-03-16,02:30:43,0
7039250,5295442,2011-08-12,11:10:40,0
5305729,5305717,2011-03-14,23:10:37,1
5305767,5305717,2011-03-14,23:14:16,2
5305855,5305717,2011-03-14,23:30:04,1
5308155,5308110,2011-03-15,06:17:00,3
5308158,5308110,2011-03-15,06:17:11,3
5308162,5308110,2011-03-15,06:17:33,11
5308164,5308110,2011-03-15,06:18:04,0
5330747,5330590,2011-03-16,19:32:57,4
5330748,5330590,2011-03-16,19:33:02,6
5463790,5330590,2011-03-28,19:05:16,0
8781104,5330590,2012-01-08,20:40:19,0
5349908,5349812,2011-03-18,09:04:54,1
5349919,5349812,2011-03-18,09:05:57,1
5350506,5349812,2011-03-18,10:12:25,0
5350660,5349812,2011-03-18,10:26:52,1
5350767,5349812,2011-03-18,10:37:20,1
5351137,5349812,2011-03-18,11:13:20,2
5403225,5402974,2011-03-23,09:38:42,5
5404612,5402974,2011-03-23,11:35:44,0
5405067,5402974,2011-03-23,12:13:52,8
5486242,5478241,2011-03-30,12:28:34,1
11252489,5478241,2012-06-28,20:35:20,1
5540984,5540884,2011-04-04,15:47:22,1
5544643,5540884,2011-04-04,21:37:03,0
5544655,5540884,2011-04-04,21:37:51,2
5557610,5557474,2011-04-05,19:46:51,12
6749567,5559317,2011-07-19,15:17:13,3
6361294,5566135,2011-06-15,16:48:29,1
5566600,5566482,2011-04-06,12:48:59,4
5566614,5566482,2011-04-06,12:49:39,-2
5601632,5601581,2011-04-08,23:04:48,4
5601641,5601581,2011-04-08,23:06:17,1
5601871,5601581,2011-04-08,23:48:12,1
5613657,5613637,2011-04-10,17:59:07,11
5613778,5613637,2011-04-10,18:21:00,1
5741892,5706921,2011-04-21,09:06:37,3
5795408,5795354,2011-04-26,19:26:17,4
5795444,5795354,2011-04-26,19:30:15,0
5795476,5795354,2011-04-26,19:34:02,0
5796044,5795920,2011-04-26,20:26:28,3
5796090,5795920,2011-04-26,20:30:42,1
5861032,5860645,2011-05-02,18:41:34,1
6975379,5879809,2011-08-07,19:53:23,1
5971052,5970951,2011-05-11,21:51:47,9
6053022,6052896,2011-05-19,02:05:17,2
6053693,6052896,2011-05-19,04:15:39,1
6090769,6090716,2011-05-22,21:02:51,0
6090923,6090716,2011-05-22,21:32:36,2
6097455,6097212,2011-05-23,12:53:32,3
6100960,6100871,2011-05-23,17:54:40,7
6101089,6100871,2011-05-23,18:06:38,17
7260713,6100871,2011-08-31,17:05:02,0
17433252,6100871,2013-07-02,18:36:12,2
6158851,6105872,2011-05-28,00:24:45,0
6200566,6200488,2011-06-01,11:44:33,1
6200748,6200488,2011-06-01,11:58:16,3
6201738,6200488,2011-06-01,13:16:09,0
6232250,6232144,2011-06-03,20:22:42,1
6232766,6232144,2011-06-03,21:14:52,9
6258936,6258775,2011-06-06,22:55:48,0
6259303,6258775,2011-06-06,23:49:59,0
6298872,6298830,2011-06-09,20:31:31,11
6298946,6298830,2011-06-09,20:39:12,11
6299464,6298830,2011-06-09,21:22:00,0
21578632,6298830,2014-02-05,13:25:32,3
38203389,6298830,2016-07-05,12:23:49,1
6313654,6306825,2011-06-11,02:16:57,1
6310650,6310609,2011-06-10,18:37:39,2
6310719,6310609,2011-06-10,18:43:45,1
15167478,6310609,2013-03-01,21:53:21,0
6338280,6338244,2011-06-14,01:49:27,2
6338293,6338244,2011-06-14,01:51:53,2
6338305,6338244,2011-06-14,01:54:05,6
6492633,6492581,2011-06-27,12:09:56,15
6493417,6492581,2011-06-27,13:15:22,5
6493451,6492581,2011-06-27,13:18:01,8
6510330,6509996,2011-06-28,17:03:21,0
6550228,6550164,2011-07-01,15:52:26,3
6550251,6550164,2011-07-01,15:53:57,3
6550289,6550164,2011-07-01,15:57:06,2
6579710,6579661,2011-07-05,08:19:31,1
6592956,6579661,2011-07-06,07:30:31,2
6652623,6650693,2011-07-11,15:33:52,0
6652676,6650693,2011-07-11,15:37:23,5
6655726,6655696,2011-07-11,19:54:49,6
6655730,6655696,2011-07-11,19:55:02,2
9560135,6655696,2012-03-05,00:09:44,31
26261462,6655696,2014-10-08,16:07:20,0
6698774,6698743,2011-07-14,19:21:09,5
6698780,6698743,2011-07-14,19:21:39,5
6940710,6698743,2011-08-04,11:33:34,0
6749367,6749297,2011-07-19,15:03:47,7
6749378,6749297,2011-07-19,15:04:27,1
6790308,6790274,2011-07-22,12:53:45,16
6790351,6790274,2011-07-22,12:58:01,3
6790358,6790274,2011-07-22,12:58:39,12
16504903,6790274,2013-05-12,06:47:58,0
6807600,6807406,2011-07-24,15:06:22,12
14556006,6807406,2013-01-28,05:33:29,0
6828343,6828321,2011-07-26,10:01:50,5
6828465,6828321,2011-07-26,10:11:36,5
6917867,6917585,2011-08-02,20:00:18,1
6918370,6917585,2011-08-02,20:43:29,3
7008085,7008014,2011-08-10,08:47:18,4
7008100,7008014,2011-08-10,08:48:03,1
7008105,7008014,2011-08-10,08:48:49,1
7008106,7008014,2011-08-10,08:49:06,3
7008135,7008014,2011-08-10,08:52:25,1
7008281,7008014,2011-08-10,09:03:35,2
7061676,7061528,2011-08-15,04:16:47,5
7095121,7094647,2011-08-17,15:11:27,7
7182453,7182264,2011-08-24,21:23:04,1
7182903,7182264,2011-08-24,22:06:38,12
7191073,7189450,2011-08-25,13:20:01,5
7196365,7196335,2011-08-25,19:51:58,9
7283889,7218280,2011-09-02,13:08:49,1
7333589,7331811,2011-09-07,12:04:10,3
7333858,7331811,2011-09-07,12:25:35,1
16638615,7331811,2013-05-19,19:31:14,1
7375690,7375037,2011-09-11,01:09:11,0
11543240,7375037,2012-07-18,14:04:37,2
21938489,7375037,2014-02-21,15:30:39,1
7506308,7493552,2011-09-21,20:37:58,5
33224263,7493552,2015-10-19,21:30:40,0
7590856,7493633,2011-09-28,23:33:06,1
7497344,7497207,2011-09-21,09:14:34,2
7507896,7507784,2011-09-21,23:25:33,3
7635878,7507784,2011-10-03,13:48:04,10
7644654,7507784,2011-10-04,07:41:36,0
7650356,7507784,2011-10-04,15:31:38,2
7664530,7507784,2011-10-05,16:24:41,11
7676526,7507784,2011-10-06,15:19:22,1
15999655,7507784,2013-04-14,13:33:31,2
16047183,7507784,2013-04-16,21:11:53,0
23200987,7507784,2014-04-21,16:02:44,4
27582113,7507784,2014-12-20,16:25:27,0
7523054,7523023,2011-09-23,00:34:11,1
7608817,7608800,2011-09-30,10:04:29,4
7608867,7608800,2011-09-30,10:09:13,1
7608969,7608800,2011-09-30,10:17:27,1
7741792,7741720,2011-10-12,14:35:37,2
7741906,7741720,2011-10-12,14:43:52,1
7751409,7741720,2011-10-13,08:34:32,2
7754444,7741720,2011-10-13,12:54:07,0
8371174,7741720,2011-12-03,21:24:52,3
8659161,7746485,2011-12-28,17:28:28,1
11682153,7746485,2012-07-27,05:50:46,2
7808758,7801969,2011-10-18,14:18:55,4
7813904,7801969,2011-10-18,21:21:07,0
7831694,7828041,2011-10-20,05:54:43,9
36836939,7828041,2016-04-25,09:41:53,1
8024840,8024790,2011-11-06,02:29:28,1
8024841,8024790,2011-11-06,02:29:39,4
8024845,8024790,2011-11-06,02:30:09,3
8025043,8024790,2011-11-06,03:23:33,6
8119820,8119544,2011-11-14,09:54:21,4
8124777,8124538,2011-11-14,16:32:14,1
8147916,8147877,2011-11-16,07:05:35,8
8147940,8147877,2011-11-16,07:07:15,9
8147945,8147877,2011-11-16,07:08:14,2
8242220,8242172,2011-11-23,12:29:40,4
8277893,8277874,2011-11-26,10:46:32,2
8309738,8309569,2011-11-29,11:10:27,1
8309880,8309569,2011-11-29,11:21:00,6
8309918,8309569,2011-11-29,11:24:07,2
8311379,8309569,2011-11-29,13:16:52,3
8715020,8309569,2012-01-03,16:06:59,2
25253145,8309569,2014-08-11,22:02:45,0
8325001,8324947,2011-11-30,11:13:44,2
8325436,8324947,2011-11-30,11:46:22,1
8325519,8324947,2011-11-30,11:52:08,9
10438030,8324947,2012-05-03,19:24:48,9
8447137,8447090,2011-12-09,14:44:39,14
8456875,8456420,2011-12-10,13:37:41,20
8460813,8460797,2011-12-10,23:40:33,9
8460824,8460797,2011-12-10,23:44:26,3
8515284,8514725,2011-12-15,04:54:49,3
8522662,8522044,2011-12-15,15:40:53,1
8580016,8579654,2011-12-20,18:14:33,4
8745904,8579654,2012-01-05,16:23:04,0
8628095,8621056,2011-12-25,03:43:25,1
8717806,8717656,2012-01-03,19:50:41,2
8720494,8717656,2012-01-04,00:11:54,0
10088031,8833060,2012-04-10,11:39:30,4
8837166,8836388,2012-01-12,15:00:34,2
8872817,8872751,2012-01-15,19:53:23,2
8913627,8913529,2012-01-18,16:24:35,1
8914017,8913529,2012-01-18,16:51:19,-2
8914054,8913529,2012-01-18,16:54:39,5
8914124,8913529,2012-01-18,16:59:21,2
8914653,8913529,2012-01-18,17:36:48,0
8914667,8913529,2012-01-18,17:37:27,0
8914689,8913529,2012-01-18,17:38:07,0
8914798,8913529,2012-01-18,17:45:29,0
8915994,8913529,2012-01-18,19:20:08,1
8923075,8913529,2012-01-19,08:32:46,1
8923272,8913529,2012-01-19,08:51:56,0
8937738,8937701,2012-01-20,06:50:08,12
8937832,8937701,2012-01-20,06:59:46,3
9030541,9030315,2012-01-27,08:14:12,3
9030773,9030315,2012-01-27,08:43:42,0
9054584,9053429,2012-01-29,16:09:13,5
9056721,9053429,2012-01-29,20:58:40,2
9057522,9053429,2012-01-29,22:55:05,2
9065127,9065115,2012-01-30,14:10:34,4
9065205,9065115,2012-01-30,14:17:08,3
14876542,9178316,2013-02-14,14:02:45,0
9194292,9193931,2012-02-08,13:31:23,0
9316713,9316032,2012-02-16,18:15:31,0
9390123,9389673,2012-02-22,06:29:14,4
15418956,9389673,2013-03-14,19:55:27,0
9503880,9503720,2012-02-29,17:33:54,0
9562645,9562598,2012-03-05,06:46:23,0
9565156,9562598,2012-03-05,10:34:28,0
10522001,9562598,2012-05-09,18:30:39,0
22446351,9562598,2014-03-17,03:18:48,0
29556507,9562598,2015-04-10,08:15:33,0
9633994,9631833,2012-03-09,12:22:05,1
9695314,9695207,2012-03-14,02:58:52,2
9703921,9695207,2012-03-14,14:31:02,7
9716165,9695207,2012-03-15,08:29:47,1
38163402,9695207,2016-07-02,18:45:29,0
9736106,9735273,2012-03-16,11:03:29,0
9736390,9735273,2012-03-16,11:25:16,0
9785882,9785851,2012-03-20,11:27:26,3
9785891,9785851,2012-03-20,11:28:00,1
9786055,9785851,2012-03-20,11:39:31,1
9878673,9815038,2012-03-26,19:46:49,0
9898181,9815038,2012-03-27,21:44:14,-1
9971543,9815038,2012-04-02,06:02:27,10
9981623,9815038,2012-04-02,18:18:35,1
9826870,9826451,2012-03-22,16:52:06,-3
9829413,9826451,2012-03-22,19:47:16,2
9843445,9843031,2012-03-23,17:06:17,0
9955815,9955694,2012-03-31,12:22:48,1
9955839,9955694,2012-03-31,12:26:01,1
9955841,9955694,2012-03-31,12:26:06,1
9955846,9955694,2012-03-31,12:26:52,0
9977313,9975733,2012-04-02,13:23:41,9
9995536,9992585,2012-04-03,14:38:40,2
9996964,9992585,2012-04-03,15:54:11,3
9997498,9996681,2012-04-03,16:28:23,1
10214365,10211326,2012-04-18,17:06:33,3
10218351,10211326,2012-04-18,21:31:35,4
10217152,10214144,2012-04-18,20:06:21,9
13515742,10214144,2012-11-22,15:21:38,3
10278389,10278243,2012-04-23,09:59:23,2
10368322,10368305,2012-04-28,23:03:51,1
10368597,10368305,2012-04-29,00:00:16,5
10378628,10378467,2012-04-30,04:49:43,0
10403358,10402822,2012-05-01,19:48:31,0
10538622,10402822,2012-05-10,16:41:11,1
11501935,10486578,2012-07-16,09:51:39,3
10506128,10505737,2012-05-08,20:38:41,0
10649653,10646531,2012-05-18,09:00:43,51
13673944,10646531,2012-12-02,21:18:04,10
16706208,10646531,2013-05-23,05:26:28,4
17135114,10646531,2013-06-16,15:59:10,6
10715973,10714668,2012-05-23,08:13:02,19
13388702,10737926,2012-11-14,22:47:02,1
10855886,10855810,2012-06-01,18:58:09,3
10857141,10855810,2012-06-01,20:48:28,2
10929158,10928966,2012-06-07,09:29:40,1
10935424,10928966,2012-06-07,15:56:10,2
10986036,10985991,2012-06-11,19:06:02,1
10986042,10985991,2012-06-11,19:06:12,4
10986067,10985991,2012-06-11,19:07:50,0
10986084,10985991,2012-06-11,19:09:43,0
10986102,10985991,2012-06-11,19:11:07,1
10986107,10985991,2012-06-11,19:11:25,1
11032824,11030792,2012-06-14,12:13:15,1
11036545,11036389,2012-06-14,15:36:24,9
11036698,11036389,2012-06-14,15:45:10,7
11036792,11036389,2012-06-14,15:50:17,4
11055377,11055336,2012-06-15,17:19:15,20
11332574,11055336,2012-07-04,16:15:38,2
11373468,11055336,2012-07-07,08:20:19,172
11131982,11131302,2012-06-21,05:26:51,3
11139025,11131302,2012-06-21,13:15:40,0
11143869,11143026,2012-06-21,17:49:54,1
11143961,11143026,2012-06-21,17:55:31,14
11150395,11149009,2012-06-22,04:55:42,4
31778535,11187005,2015-08-03,02:16:18,0
11232223,11232107,2012-06-27,17:54:24,1
11302827,11302698,2012-07-03,00:05:00,4
11434152,11433954,2012-07-11,13:50:11,1
11434289,11433954,2012-07-11,13:57:06,3
11434291,11433954,2012-07-11,13:57:10,0
11434516,11433954,2012-07-11,14:09:24,1
11434612,11433954,2012-07-11,14:14:48,0
11451585,11437459,2012-07-12,12:13:09,3
11452153,11452074,2012-07-12,12:45:14,1
11452163,11452074,2012-07-12,12:45:51,0
11452213,11452074,2012-07-12,12:48:48,0
11452458,11452074,2012-07-12,13:04:06,1
11453628,11452074,2012-07-12,14:06:11,2
11461993,11461726,2012-07-12,23:04:46,3
11619719,11619575,2012-07-23,20:07:45,2
11651514,11650596,2012-07-25,14:02:06,1
11651532,11650596,2012-07-25,14:02:55,2
11667105,11666905,2012-07-26,10:10:55,1
11667118,11666905,2012-07-26,10:12:03,2
11667130,11666905,2012-07-26,10:12:47,2
17436368,11666905,2013-07-02,21:48:04,1
11685460,11672625,2012-07-27,09:54:25,2
11685515,11685427,2012-07-27,09:57:35,1
11685533,11685427,2012-07-27,09:58:46,3
18088862,11690909,2013-08-06,19:30:17,0
11728934,11725089,2012-07-30,20:17:15,1
11801418,11801323,2012-08-03,18:37:04,1
11832822,11832654,2012-08-06,17:11:28,0
11833213,11832654,2012-08-06,17:41:43,0
11868119,11866324,2012-08-08,15:36:41,5
11873541,11870266,2012-08-08,21:35:38,0
11888069,11870266,2012-08-09,16:41:42,0
12044755,11870266,2012-08-20,20:36:17,1
12093315,12093169,2012-08-23,13:56:14,0
12094070,12093169,2012-08-23,14:34:46,2
12162939,12162919,2012-08-28,15:47:38,2
12163103,12162919,2012-08-28,15:57:02,1
12205651,12200301,2012-08-30,21:15:51,0
12734115,12200301,2012-10-04,19:05:13,0
36041343,12200301,2016-03-16,16:21:02,1
12204763,12201578,2012-08-30,20:14:09,2
12420658,12360949,2012-09-14,08:23:22,1
17476107,12360949,2013-07-04,18:07:39,4
12463702,12463675,2012-09-17,16:43:33,2
12463705,12463675,2012-09-17,16:43:38,2
12526535,12526325,2012-09-21,08:03:59,1
12594031,12589685,2012-09-26,03:07:13,2
17893655,12589685,2013-07-27,02:25:52,0
12686052,12686014,2012-10-02,07:24:17,13
12686132,12686014,2012-10-02,07:30:56,21
12729992,12729827,2012-10-04,14:50:20,1
12730009,12729827,2012-10-04,14:51:10,1
12731392,12729827,2012-10-04,16:11:56,3
12789316,12788870,2012-10-08,20:53:23,6
12873738,12873715,2012-10-13,13:50:44,0
12873924,12873715,2012-10-13,14:14:11,3
12874837,12873715,2012-10-13,16:04:45,0
12955500,12955379,2012-10-18,13:09:15,2
13167296,13165731,2012-10-31,20:57:02,5
13171385,13170812,2012-11-01,05:21:28,0
13184709,13170812,2012-11-01,20:09:09,0
13185721,13170812,2012-11-01,21:26:43,1
26686645,13244384,2014-11-01,06:04:40,2
13256547,13255645,2012-11-06,17:52:02,3
13265987,13265932,2012-11-07,08:42:30,1
13323733,13320285,2012-11-10,16:23:02,5
13323996,13320285,2012-11-10,16:53:53,2
13324528,13320285,2012-11-10,17:50:13,1
13330905,13320285,2012-11-11,11:59:52,2
15032940,13344404,2013-02-22,20:49:26,1
13378061,13378025,2012-11-14,11:35:49,9
13378495,13378025,2012-11-14,12:04:31,2
13378503,13378025,2012-11-14,12:05:12,7
13413846,13412488,2012-11-16,09:34:42,1
13566724,13539049,2012-11-26,14:19:37,0
13787531,13787490,2012-12-09,12:55:21,13
13787798,13787490,2012-12-09,13:28:28,1
13802775,13799199,2012-12-10,14:20:54,12
13807095,13807057,2012-12-10,18:38:47,0
13881706,13873717,2012-12-14,15:35:16,0
13916310,13916188,2012-12-17,14:45:25,1
14130340,14130255,2013-01-02,22:35:06,0
14130343,14130255,2013-01-02,22:35:21,1
14176877,14169735,2013-01-05,22:02:26,0
14256756,14169735,2013-01-10,11:20:34,1
19731085,14169735,2013-11-01,16:32:26,0
14207888,14207755,2013-01-08,03:43:54,0
14207979,14207755,2013-01-08,03:56:53,2
14327294,14327207,2013-01-14,21:44:30,3
14327368,14327207,2013-01-14,21:49:05,3
14327380,14327207,2013-01-14,21:49:38,3
14327398,14327207,2013-01-14,21:51:03,3
19915611,14380971,2013-11-11,20:47:24,0
14435725,14435706,2013-01-21,09:31:00,1
14481689,14460314,2013-01-23,14:08:22,0
14573651,14573292,2013-01-29,00:19:17,3
14581219,14580969,2013-01-29,10:53:39,4
14685000,14684946,2013-02-04,10:41:48,1
14685033,14684946,2013-02-04,10:44:01,3
14685038,14684946,2013-02-04,10:44:23,0
14685483,14684946,2013-02-04,11:09:14,2
14831042,14830958,2013-02-12,11:04:41,2
14831750,14830958,2013-02-12,11:41:58,0
14898065,14855135,2013-02-15,15:36:30,4
14899719,14899628,2013-02-15,17:05:57,2
15168777,15168717,2013-03-01,23:43:20,2
15175533,15174808,2013-03-02,14:22:49,0
16204480,15174808,2013-04-25,00:27:28,3
15243127,15242600,2013-03-06,09:12:19,2
15284515,15284487,2013-03-08,00:22:04,3
15284647,15284487,2013-03-08,00:35:19,0
32085586,15284487,2015-08-19,02:29:22,0
15338140,15299539,2013-03-11,12:04:16,1
15338240,15299539,2013-03-11,12:10:01,0
15327190,15326998,2013-03-10,20:27:43,5
15473814,15473643,2013-03-18,09:51:45,4
15520327,15520239,2013-03-20,09:58:23,0
18111187,15520239,2013-08-07,18:37:14,-5
22965878,15520239,2014-04-09,14:35:40,4
24814315,15520239,2014-07-17,22:04:17,0
28854946,15520239,2015-03-04,12:48:57,0
15585156,15584690,2013-03-23,09:22:58,1
15588382,15584690,2013-03-23,15:13:31,0
15598055,15590920,2013-03-24,11:47:40,3
15780055,15778453,2013-04-03,06:09:55,4
15842665,15842614,2013-04-05,20:11:27,1
15842676,15842614,2013-04-05,20:12:12,0
15842766,15842614,2013-04-05,20:18:07,0
15843317,15842614,2013-04-05,20:50:35,0
15943216,15942936,2013-04-11,07:42:07,2
15943846,15942936,2013-04-11,08:17:42,3
21071938,15942936,2014-01-12,06:26:12,0
16022679,16022574,2013-04-15,18:52:37,0
16061836,16061361,2013-04-17,13:47:32,2
16889163,16061361,2013-06-03,02:08:12,1
16268829,16266414,2013-04-28,22:44:40,0
16308384,16308336,2013-04-30,20:24:10,2
16416171,16415625,2013-05-07,09:56:11,0
16430662,16430592,2013-05-08,00:15:12,1
16430691,16430592,2013-05-08,00:18:00,0
16539092,16538973,2013-05-14,09:06:14,1
17804306,16538973,2013-07-23,07:46:34,1
16545224,16544428,2013-05-14,13:58:27,4
16557059,16556813,2013-05-15,04:46:47,11
16564276,16564042,2013-05-15,11:50:40,5
16587282,16587247,2013-05-16,12:20:13,3
17257543,16652677,2013-06-23,03:43:53,1
16653936,16653321,2013-05-20,16:25:08,0
16654058,16653321,2013-05-20,16:33:06,0
16670741,16670579,2013-05-21,13:04:14,2
16678883,16678441,2013-05-21,20:24:59,1
16721832,16721567,2013-05-23,18:58:59,1
16992928,16992793,2013-06-07,21:04:15,0
16996338,16992793,2013-06-08,05:14:55,2
17037884,17034898,2013-06-11,06:36:56,1
17042776,17034898,2013-06-11,11:16:22,1
17070062,17059753,2013-06-12,15:56:50,4
17132340,17059753,2013-06-16,10:30:39,1
41508246,17059753,2017-01-06,14:54:43,3
17064459,17062684,2013-06-12,11:35:31,0
17065703,17062684,2013-06-12,12:37:41,1
17184505,17183648,2013-06-19,06:42:52,1
17187641,17186114,2013-06-19,09:27:15,1
17344292,17340377,2013-06-27,13:18:33,0
17375046,17375037,2013-06-28,23:23:35,1
17375077,17375037,2013-06-28,23:27:44,3
17375326,17375037,2013-06-29,00:01:37,1
32004823,17402246,2015-08-14,07:43:38,8
17510999,17510945,2013-07-07,09:49:40,0
17533059,17531201,2013-07-08,17:59:52,0
17697684,17697368,2013-07-17,10:45:01,1
17725074,17723733,2013-07-18,13:38:51,2
21058963,17723733,2014-01-11,05:43:39,4
18214880,17783254,2013-08-13,16:53:37,1
18259458,17783254,2013-08-15,18:42:50,2
18259874,17783254,2013-08-15,19:07:52,0
17804417,17804373,2013-07-23,07:53:01,2
17804454,17804373,2013-07-23,07:55:16,2
17804470,17804373,2013-07-23,07:56:01,2
17804896,17804373,2013-07-23,08:18:56,1
17890959,17868722,2013-07-26,21:00:25,0
19776342,18070188,2013-11-04,20:18:05,1
18106648,18093539,2013-08-07,14:51:09,0
18136886,18136800,2013-08-08,21:59:47,0
18136910,18136800,2013-08-08,22:01:18,3
18136915,18136800,2013-08-08,22:01:46,4
18136947,18136800,2013-08-08,22:04:19,0
18147183,18147059,2013-08-09,12:57:00,1
18172731,18147059,2013-08-11,14:01:37,0
18159234,18158181,2013-08-10,06:20:06,2
18241821,18239201,2013-08-14,20:37:05,2
18385034,18364842,2013-08-22,15:39:17,2
18397013,18374263,2013-08-23,07:14:52,1
18413401,18374263,2013-08-23,23:40:52,1
18665122,18449418,2013-09-06,19:23:44,0
18468184,18468006,2013-08-27,14:24:46,6
18499624,18499550,2013-08-28,22:55:06,2
18535730,18535706,2013-08-30,14:46:09,9
18578178,18578146,2013-09-02,17:22:22,0
18641799,18641163,2013-09-05,16:47:12,1
18663435,18663331,2013-09-06,17:34:41,18
18667935,18663331,2013-09-06,23:14:19,2
18791649,18718151,2013-09-13,17:06:05,1
18746675,18746550,2013-09-11,16:35:34,3
18746710,18746550,2013-09-11,16:36:46,1
18746920,18746550,2013-09-11,16:47:54,0
18747025,18746550,2013-09-11,16:53:49,3
18791363,18790332,2013-09-13,16:47:50,1
18863183,18858146,2013-09-18,03:02:42,0
18931363,18858146,2013-09-21,10:08:35,1
19011067,18993445,2013-09-25,17:05:22,1
20334585,18993445,2013-12-02,17:47:46,1
19175992,19174970,2013-10-04,07:48:36,0
19179707,19177930,2013-10-04,11:08:10,0
19186965,19185543,2013-10-04,17:06:23,0
19391724,19387043,2013-10-15,21:48:16,3
19461380,19461349,2013-10-19,01:36:47,1
19465936,19465228,2013-10-19,12:20:06,2
19500109,19499889,2013-10-21,16:40:01,1
19575711,19573966,2013-10-24,20:12:31,0
19620537,19620401,2013-10-27,16:39:30,1
19655762,19655647,2013-10-29,10:35:10,7
19669404,19664582,2013-10-29,21:23:05,0
19684193,19684155,2013-10-30,13:52:53,1
19684196,19684155,2013-10-30,13:52:56,0
19684241,19684155,2013-10-30,13:55:14,3
19691041,19684155,2013-10-30,18:30:22,0
31723139,19684155,2015-07-30,11:55:58,2
19731612,19726791,2013-11-01,17:05:24,4
19801057,19726791,2013-11-05,23:20:15,11
19775729,19740576,2013-11-04,19:42:26,0
19786204,19785923,2013-11-05,09:59:46,0
19786346,19785923,2013-11-05,10:07:51,4
19788783,19785923,2013-11-05,12:15:57,0
19872146,19871612,2013-11-09,03:49:20,0
24722872,19871612,2014-07-13,12:49:41,0
40995769,19871612,2016-12-06,12:46:45,0
41012276,19871612,2016-12-07,08:08:16,0
19895067,19892416,2013-11-10,20:54:04,1
20129564,19970312,2013-11-21,18:54:00,2
19977110,19976892,2013-11-14,12:02:02,1
19977357,19976892,2013-11-14,12:14:04,1
19985442,19976892,2013-11-14,18:27:42,1
23606224,19976892,2014-05-12,10:07:57,1
20162480,20162442,2013-11-23,12:48:18,1
20259711,20259607,2013-11-28,07:03:48,3
20332337,20266427,2013-12-02,15:54:09,0
20354881,20353968,2013-12-03,15:17:54,0
20405578,20401328,2013-12-05,16:38:21,0
20495036,20490450,2013-12-10,12:49:00,2
20546869,20546702,2013-12-12,14:59:43,3
20551052,20550660,2013-12-12,18:13:03,1
20569438,20559708,2013-12-13,14:57:24,1
20569530,20559708,2013-12-13,15:01:29,5
20569992,20559708,2013-12-13,15:23:37,0
20570088,20559708,2013-12-13,15:28:08,2
20601115,20559708,2013-12-15,23:14:15,0
20603959,20599837,2013-12-16,05:19:49,0
20686656,20686527,2013-12-19,16:22:45,1
20686666,20686527,2013-12-19,16:23:05,1
20686673,20686527,2013-12-19,16:23:20,1
20686878,20686527,2013-12-19,16:32:46,1
20941347,20941270,2014-01-06,01:01:00,0
20952503,20941270,2014-01-06,14:48:27,3
21236353,21235933,2014-01-20,14:19:51,2
21273006,21272744,2014-01-22,02:23:39,3
21273083,21272744,2014-01-22,02:32:42,2
21278123,21277933,2014-01-22,08:49:23,0
21278320,21277933,2014-01-22,08:59:08,0
21323266,21323234,2014-01-24,02:24:53,1
21432326,21400970,2014-01-29,13:20:03,0
21508440,21508421,2014-02-02,08:13:19,1
21693624,21693233,2014-02-11,05:09:50,0
21694562,21693233,2014-02-11,06:20:02,3
21707482,21700274,2014-02-11,16:30:16,3
21709604,21700274,2014-02-11,18:04:01,2
21825655,21824597,2014-02-17,09:49:49,0
21830545,21824597,2014-02-17,13:36:14,5
21995536,21995504,2014-02-24,18:06:57,2
21995582,21995504,2014-02-24,18:08:59,4
22028116,21995504,2014-02-25,23:01:58,1
32308610,21995504,2015-08-31,09:59:40,3
22130442,22119641,2014-03-02,16:50:14,1
32539649,22296514,2015-09-12,13:58:08,1
42217095,22296514,2017-02-14,02:58:04,0
22339909,22339856,2014-03-12,00:59:14,6
22342012,22341063,2014-03-12,04:24:39,9
22592657,22425542,2014-03-23,15:10:27,2
22627728,22425542,2014-03-25,07:13:29,7
22529603,22529340,2014-03-20,10:10:46,1
22541815,22529340,2014-03-20,18:19:42,1
22544878,22544717,2014-03-20,20:56:01,4
22544889,22544717,2014-03-20,20:56:27,1
22566226,22565960,2014-03-21,18:01:56,0
28629199,22565960,2015-02-20,12:36:51,0
22739150,22738635,2014-03-30,01:18:15,1
22762359,22762201,2014-03-31,13:06:44,0
22762407,22762201,2014-03-31,13:08:56,1
22762969,22762201,2014-03-31,13:34:31,0
22824700,22805613,2014-04-02,22:58:00,2
28115299,22813606,2015-01-23,17:20:59,0
24250683,22958965,2014-06-16,19:20:37,5
39717650,22958965,2016-09-27,06:36:46,0
23000453,23000291,2014-04-10,22:48:22,0
23002706,23000291,2014-04-11,02:58:22,0
23200060,23195044,2014-04-21,15:07:50,39
23236726,23236548,2014-04-23,06:40:27,1
23236824,23236548,2014-04-23,06:46:46,6
23236827,23236548,2014-04-23,06:46:50,0
23246748,23245659,2014-04-23,14:02:54,2
23382324,23382015,2014-04-30,07:39:10,1
23400249,23400207,2014-05-01,00:19:26,2
23401732,23400207,2014-05-01,03:48:30,2
23704309,23704097,2014-05-16,20:48:26,12
23704383,23704097,2014-05-16,20:54:27,11
23707120,23704097,2014-05-17,02:54:47,5
23803676,23803023,2014-05-22,10:03:42,0
23810897,23803023,2014-05-22,15:17:57,2
23831631,23830822,2014-05-23,14:18:23,5
23832164,23830822,2014-05-23,14:43:12,4
23968945,23968248,2014-05-31,10:30:07,1
25282075,24072013,2014-08-13,08:58:19,2
24127558,24127491,2014-06-09,19:32:02,2
24127613,24127491,2014-06-09,19:36:11,4
24160256,24157714,2014-06-11,10:11:00,8
24186312,24184810,2014-06-12,13:56:23,2
24186841,24184810,2014-06-12,14:23:21,1
24189648,24184810,2014-06-12,16:39:42,3
24297203,24297154,2014-06-19,01:00:07,3
24372145,24369272,2014-06-23,17:47:03,0
24397402,24369272,2014-06-24,22:30:16,9
36502420,24369272,2016-04-08,14:37:46,5
38635296,24369272,2016-07-28,11:40:01,0
24396422,24396293,2014-06-24,21:14:18,3
40435461,24396293,2016-11-05,06:32:38,0
24403905,24403551,2014-06-25,08:38:14,29
24501546,24501368,2014-07-01,02:12:30,3
24519738,24519737,2014-07-01,21:43:01,1
24533028,24532467,2014-07-02,13:54:32,-1
24533474,24532467,2014-07-02,14:15:41,1
24547371,24546912,2014-07-03,07:18:21,2
24547768,24546912,2014-07-03,07:39:07,0
24695116,24677857,2014-07-11,09:59:51,0
30147331,24738281,2015-05-10,03:13:19,1
24872228,24848771,2014-07-21,18:32:54,0
25184777,25184148,2014-08-07,14:11:55,5
25228143,25225149,2014-08-10,11:29:53,4
25231892,25225149,2014-08-10,18:47:58,2
25232049,25225149,2014-08-10,19:09:38,0
25233858,25226325,2014-08-10,23:05:50,1
25270419,25226325,2014-08-12,17:24:40,3
25229470,25228182,2014-08-10,14:17:09,2
25376526,25376496,2014-08-19,05:54:46,1
25376532,25376496,2014-08-19,05:55:08,1
25897621,25897492,2014-09-17,18:17:00,2
25988619,25986863,2014-09-23,06:47:23,0
26055648,26034586,2014-09-26,08:52:09,1
26087970,26087884,2014-09-28,18:12:46,2
26088179,26087884,2014-09-28,18:31:02,4
26152749,26152305,2014-10-02,00:25:34,12
26152849,26152305,2014-10-02,00:40:04,1
26155889,26152305,2014-10-02,07:08:31,8
26184467,26184094,2014-10-03,18:16:09,2
31480157,26231757,2015-07-17,16:10:31,1
26248051,26245182,2014-10-08,01:53:43,1
26284362,26254975,2014-10-09,17:20:43,1
26333895,26254975,2014-10-13,06:08:32,1
26288430,26286174,2014-10-09,21:44:25,0
26515124,26489640,2014-10-22,19:03:13,2
26635195,26634744,2014-10-29,16:02:53,1
26635213,26634744,2014-10-29,16:03:30,0
26883171,26634744,2014-11-12,09:14:58,1
26671000,26663827,2014-10-31,09:12:57,1
26829535,26818198,2014-11-09,15:00:17,0
32662998,27049999,2015-09-19,00:51:24,0
27053391,27053343,2014-11-21,02:57:03,1
27058138,27053343,2014-11-21,09:33:35,1
27313541,27130634,2014-12-05,10:15:35,1
27219922,27219858,2014-12-01,00:13:46,0
27220552,27219858,2014-12-01,01:29:24,0
27255012,27254175,2014-12-02,17:08:02,2
27452905,27452847,2014-12-12,22:11:04,5
27557927,27557592,2014-12-19,00:09:48,0
27634313,27632660,2014-12-24,09:09:52,12
27769057,27759933,2015-01-04,18:46:29,0
27880746,27877390,2015-01-10,20:12:13,0
27943480,27942386,2015-01-14,12:56:05,1
28076025,28075962,2015-01-21,20:13:25,2
28076027,28075962,2015-01-21,20:13:33,2
28076655,28075962,2015-01-21,20:56:46,1
28198279,28075962,2015-01-28,17:11:20,0
28155916,28155293,2015-01-26,17:59:52,1
28156133,28155293,2015-01-26,18:13:44,1
28188382,28187434,2015-01-28,09:13:02,0
28188975,28187434,2015-01-28,09:44:27,1
29995532,28326080,2015-05-01,21:37:44,1
28440021,28419211,2015-02-10,19:19:18,1
28453337,28453092,2015-02-11,11:35:16,0
28453373,28453092,2015-02-11,11:36:38,0
28550061,28549635,2015-02-16,20:48:02,1
28646945,28646888,2015-02-21,14:34:59,6
29889516,28815255,2015-04-27,07:19:10,1
28819678,28818460,2015-03-02,21:22:27,4
29071377,29060043,2015-03-16,07:13:32,1
30368553,29060043,2015-05-21,08:37:04,0
29061104,29061067,2015-03-15,13:25:50,2
29079654,29079619,2015-03-16,14:42:54,1
31810260,29079619,2015-08-04,13:09:47,1
29244154,29216175,2015-03-24,22:35:01,2
29400738,29399824,2015-04-01,21:00:43,0
29410942,29410809,2015-04-02,10:42:35,2
29415574,29410809,2015-04-02,14:33:05,0
29469892,29468724,2015-04-06,10:57:13,0
29470096,29468724,2015-04-06,11:09:56,3
29551669,29547886,2015-04-10,01:06:27,1
29577213,29576423,2015-04-11,11:12:48,0
29630313,29576423,2015-04-14,14:40:31,0
29630187,29629947,2015-04-14,14:35:17,4
29630223,29629947,2015-04-14,14:36:46,2
29630360,29629947,2015-04-14,14:42:44,3
29669142,29668884,2015-04-16,08:20:15,6
29814347,29814047,2015-04-23,05:20:40,1
29814689,29814047,2015-04-23,05:44:41,0
29814814,29814047,2015-04-23,05:53:37,3
30083140,30080236,2015-05-06,17:02:38,2
30266044,30266009,2015-05-15,18:06:09,4
30294091,30266009,2015-05-18,02:01:35,0
30352640,30352580,2015-05-20,14:28:39,2
30352676,30352580,2015-05-20,14:30:06,1
30352755,30352580,2015-05-20,14:33:13,1
30644941,30644743,2015-06-04,13:21:02,0
30645129,30644743,2015-06-04,13:28:49,4
30646290,30644743,2015-06-04,14:15:44,0
30828006,30827925,2015-06-14,09:53:05,1
30828039,30827925,2015-06-14,09:57:07,0
30828298,30827925,2015-06-14,10:29:59,1
30838614,30838406,2015-06-15,06:30:20,0
30844891,30838406,2015-06-15,12:12:33,2
30845036,30838406,2015-06-15,12:20:07,1
30860869,30838406,2015-06-16,07:03:11,1
31278074,31275467,2015-07-07,19:52:55,2
31372792,31372636,2015-07-12,21:29:45,2
31386896,31379662,2015-07-13,15:03:17,3
34078474,31521465,2015-12-03,23:48:18,1
32861678,31540446,2015-09-30,08:43:57,58
32970249,31540446,2015-10-06,12:41:27,21
31567459,31565989,2015-07-22,15:24:02,2
31567920,31565989,2015-07-22,15:44:05,4
31570477,31569758,2015-07-22,17:51:55,1
31586438,31585930,2015-07-23,11:46:27,2
31641664,31616816,2015-07-26,20:33:02,1
31661259,31654505,2015-07-27,19:05:32,19
32780973,31734263,2015-09-25,11:16:54,1
31799829,31799634,2015-08-04,02:44:05,3
31968203,31967738,2015-08-12,14:31:57,4
31978271,31978160,2015-08-13,01:53:56,4
31983912,31983262,2015-08-13,09:06:18,2
32271781,32096223,2015-08-28,13:05:16,0
32250723,32246652,2015-08-27,13:28:36,3
32253034,32252933,2015-08-27,15:04:50,0
32399313,32398460,2015-09-04,13:27:44,0
32481836,32481719,2015-09-09,14:07:51,0
32482842,32481719,2015-09-09,14:51:17,5
32587562,32587431,2015-09-15,13:37:16,0
39058799,32587431,2016-08-20,21:18:16,0
32615235,32590906,2015-09-16,17:40:40,0
33015890,33015150,2015-10-08,12:31:08,0
33016287,33015150,2015-10-08,12:47:49,0
33052933,33048046,2015-10-10,10:26:29,1
33233266,33103172,2015-10-20,09:44:26,0
33459222,33458845,2015-11-01,04:30:24,1
33459712,33458845,2015-11-01,06:07:33,0
33460402,33458845,2015-11-01,08:22:49,0
33710397,33710201,2015-11-14,16:07:27,2
33770530,33770374,2015-11-18,01:59:27,1
33770670,33770374,2015-11-18,02:13:30,1
33770775,33770374,2015-11-18,02:25:05,5
33770904,33770374,2015-11-18,02:37:57,2
33781223,33781140,2015-11-18,13:21:28,6
33781282,33781140,2015-11-18,13:25:03,2
33832779,33832491,2015-11-20,17:36:31,1
33918444,33918130,2015-11-25,13:59:41,1
33918584,33918130,2015-11-25,14:06:13,2
34072001,34071716,2015-12-03,17:05:28,1
34072154,34071716,2015-12-03,17:12:58,5
38809714,34085366,2016-08-07,00:02:06,0
34100438,34100118,2015-12-05,02:05:59,2
34101245,34100118,2015-12-05,04:23:06,0
34113527,34112980,2015-12-06,03:02:39,2
34130453,34112980,2015-12-07,09:41:38,1
34256612,34256592,2015-12-13,21:31:33,1
34256682,34256592,2015-12-13,21:38:14,5
34256703,34256592,2015-12-13,21:39:51,3
34301580,34301579,2015-12-15,23:44:27,5
34327821,34327430,2015-12-17,06:16:41,0
34327851,34327430,2015-12-17,06:18:34,0
34339352,34338162,2015-12-17,16:16:39,3
34363831,34363635,2015-12-18,20:55:03,4
34364515,34363635,2015-12-18,21:53:05,0
34365448,34363635,2015-12-18,23:26:04,0
34380919,34380859,2015-12-20,12:17:02,3
34380967,34380859,2015-12-20,12:23:11,1
34395022,34394938,2015-12-21,11:50:05,1
34446345,34446207,2015-12-24,02:05:37,0
34777406,34777302,2016-01-13,21:30:41,2
35785600,35583483,2016-03-04,00:08:38,1
35689169,35689094,2016-02-28,22:36:06,2
35799535,35703092,2016-03-04,15:17:15,6
35703411,35703285,2016-02-29,15:33:39,1
35896241,35896090,2016-03-09,15:48:12,0
35901497,35896090,2016-03-09,20:02:54,0
35949965,35949853,2016-03-11,21:10:48,0
35950480,35949853,2016-03-11,21:43:30,5
35950787,35949853,2016-03-11,22:05:41,3
36580165,36570911,2016-04-12,17:26:37,5
36776765,36570911,2016-04-21,17:36:54,1
37044700,37044445,2016-05-05,07:16:40,1
37107885,37107832,2016-05-09,04:46:19,3
37770210,37450686,2016-06-12,02:38:29,2
37493025,37477439,2016-05-27,22:16:17,1
37526735,37526598,2016-05-30,13:20:05,3
37528134,37526598,2016-05-30,14:28:51,2
38296371,38292741,2016-07-10,20:51:44,5
38416537,38412251,2016-07-16,23:22:11,0
38544333,38543930,2016-07-23,17:02:02,6
38649231,38648775,2016-07-29,01:41:32,4
38966158,38648775,2016-08-16,03:22:34,2
38907769,38887340,2016-08-11,23:47:21,1
38894218,38894078,2016-08-11,10:46:05,0
38894311,38894078,2016-08-11,10:50:24,0
38951389,38950909,2016-08-15,08:02:33,5
39090465,38966363,2016-08-23,00:08:34,3
39097329,39097257,2016-08-23,09:25:24,2
41944508,39179957,2017-01-30,20:06:30,1
39291921,39291850,2016-09-02,11:59:24,2
39292695,39291850,2016-09-02,12:40:34,2
39342804,39328395,2016-09-06,07:17:04,1
39393471,39393388,2016-09-08,14:22:33,1
39580156,39579959,2016-09-19,18:51:23,3
39614972,39614294,2016-09-21,11:13:01,0
39615072,39614294,2016-09-21,11:17:51,1
39780024,39778385,2016-09-29,21:06:11,1
39824905,39813612,2016-10-03,05:10:32,1
39862411,39862240,2016-10-04,21:57:08,5
39994168,39994054,2016-10-12,08:41:17,0
39994300,39994054,2016-10-12,08:48:19,1
40333274,40332448,2016-10-30,20:24:53,1
40396792,40385195,2016-11-03,08:27:13,0
40397042,40385195,2016-11-03,08:43:21,0
40416007,40415392,2016-11-04,05:41:45,4
40434680,40434424,2016-11-05,04:12:30,2
40456495,40455338,2016-11-07,01:19:19,1
40529359,40528656,2016-11-10,13:56:29,1
40640455,40620646,2016-11-16,19:15:35,0
40867350,40863157,2016-11-29,13:38:45,1
40943346,40897461,2016-12-03,01:33:12,0
40953784,40897461,2016-12-03,23:42:56,1
40912330,40911804,2016-12-01,13:47:04,2
40912361,40911804,2016-12-01,13:48:56,2
41008406,41005932,2016-12-07,02:27:19,3
41024589,41005932,2016-12-07,18:20:06,0
41237641,41228820,2016-12-20,08:17:41,2
41234703,41233923,2016-12-20,04:01:20,1
41288132,41288032,2016-12-22,16:53:10,1
41427662,41425972,2017-01-02,13:20:16,0
41493006,41473982,2017-01-05,19:21:00,1
41986437,41985790,2017-02-01,17:53:27,0
42208514,42207831,2017-02-13,16:08:44,1
42217943,42216740,2017-02-14,04:35:32,3
42360705,42355160,2017-02-21,07:02:22,0
42439311,42436375,2017-02-24,13:00:16,0
