-- phpMyAdmin SQL Dump
-- version 4.3.7
-- http://www.phpmyadmin.net
--
-- Host: mysql03-farm61.uni5.net
-- Tempo de geração: 21/04/2018 às 06:53
-- Versão do servidor: 5.5.43-log
-- Versão do PHP: 5.3.28

SET SQL_MODE = "NO_AUTO_VALUE_ON_ZERO";
SET time_zone = "+00:00";


/*!40101 SET @OLD_CHARACTER_SET_CLIENT=@@CHARACTER_SET_CLIENT */;
/*!40101 SET @OLD_CHARACTER_SET_RESULTS=@@CHARACTER_SET_RESULTS */;
/*!40101 SET @OLD_COLLATION_CONNECTION=@@COLLATION_CONNECTION */;
/*!40101 SET NAMES utf8 */;

--
-- Banco de dados: `mps08`
--

-- --------------------------------------------------------

--
-- Estrutura para tabela `conditional_perg`
--

CREATE TABLE IF NOT EXISTS `conditional_perg` (
  `id` int(15) NOT NULL,
  `datap` varchar(15) CHARACTER SET utf8 COLLATE utf8_bin NOT NULL,
  `timep` varchar(8) CHARACTER SET utf8 COLLATE utf8_bin NOT NULL,
  `score` int(5) NOT NULL,
  `answ` int(5) NOT NULL
) ENGINE=InnoDB DEFAULT CHARSET=latin1;

--
-- Fazendo dump de dados para tabela `conditional_perg`
--

INSERT INTO `conditional_perg` (`id`, `datap`, `timep`, `score`, `answ`) VALUES
(60673, '2008-09-13', '16:30:50', 10, 22),
(71277, '2008-09-16', '11:10:48', 2, 3),
(97114, '2008-09-18', '21:21:55', 4, 6),
(119114, '2008-09-23', '04:21:39', 2, 4),
(286826, '2008-11-13', '12:45:22', 7, 2),
(287379, '2008-11-13', '16:18:37', 4, 5),
(296147, '2008-11-17', '16:54:16', 2, 2),
(329043, '2008-11-30', '16:37:04', 31, 2),
(367368, '2008-12-15', '02:52:04', 86, 7),
(408908, '2009-01-03', '11:03:34', 23, 5),
(410865, '2009-01-04', '11:43:20', 3, 4),
(440364, '2009-01-13', '19:17:27', 2, 6),
(443586, '2009-01-14', '16:15:21', 3, 7),
(479979, '2009-01-26', '14:38:49', 48, 4),
(480248, '2009-01-26', '15:51:00', 40, 6),
(507225, '2009-02-03', '14:16:11', 4, 2),
(525283, '2009-02-08', '06:45:56', 23, 5),
(559881, '2009-02-18', '04:46:41', 2, 3),
(560040, '2009-02-18', '06:26:54', 11, 6),
(568268, '2009-02-20', '04:21:01', 0, 1),
(653205, '2009-03-17', '06:43:09', 1, 1),
(904745, '2009-05-24', '21:56:49', 6, 4),
(932344, '2009-05-31', '16:05:55', 6, 3),
(941669, '2009-06-02', '20:17:58', 3, 5),
(957495, '2009-06-05', '18:53:59', 6, 1),
(970017, '2009-06-09', '13:16:44', 4, 2),
(1001307, '2009-06-16', '12:56:53', 146, 27),
(1015207, '2009-06-18', '21:14:01', 1, 6),
(1113666, '2009-07-11', '12:58:09', 5, 4),
(1213576, '2009-07-31', '16:34:22', 27, 2),
(1221343, '2009-08-03', '09:10:20', 6, 2),
(1232246, '2009-08-05', '09:55:40', 16, 4),
(1245478, '2009-08-07', '15:38:54', 3, 1),
(1259502, '2009-08-11', '10:18:12', 0, 1),
(1269452, '2009-08-13', '00:33:37', 4, 7),
(1293585, '2009-08-18', '12:43:32', 0, 2),
(1297306, '2009-08-19', '00:38:56', 4, 2),
(1311559, '2009-08-21', '12:05:11', 1, 5),
(1358159, '2009-08-31', '16:07:20', 0, 1),
(1439607, '2009-09-17', '15:31:47', 8, 5),
(1440728, '2009-09-17', '19:00:45', 8, 2),
(1464824, '2009-09-23', '08:59:26', 5, 4),
(1473636, '2009-09-24', '19:15:35', 3, 2),
(1508856, '2009-10-02', '10:49:59', 2, 3),
(1519060, '2009-10-05', '09:34:01', 5, 6),
(1535314, '2009-10-08', '02:29:41', 2, 2),
(1596726, '2009-10-20', '19:13:30', 0, 1),
(1655937, '2009-10-31', '23:42:29', 0, 2),
(1709850, '2009-11-10', '17:47:15', 2, 2),
(1715989, '2009-11-11', '15:36:26', 0, 2),
(1819309, '2009-11-30', '11:38:10', 0, 1),
(1850636, '2009-12-05', '00:52:46', 1, 2),
(1920992, '2009-12-17', '11:03:10', 3, 2),
(1966577, '2009-12-27', '18:00:17', 1, 4),
(1977433, '2009-12-29', '22:54:11', 0, 2),
(1981212, '2009-12-30', '17:00:06', 5, 1),
(2027457, '2010-01-08', '12:15:27', 3, 2),
(2072716, '2010-01-15', '15:34:25', 11, 1),
(2128875, '2010-01-24', '21:13:36', 1, 2),
(2153105, '2010-01-28', '08:10:22', 0, 4),
(2253747, '2010-02-12', '17:29:00', 2, 4),
(2265566, '2010-02-15', '11:31:46', 1, 1),
(2323213, '2010-02-24', '02:11:37', 0, 1),
(2338841, '2010-02-26', '01:01:52', 0, 5),
(2355300, '2010-03-01', '11:03:41', 1, 2),
(2406117, '2010-03-09', '01:47:36', 3, 3),
(2408890, '2010-03-09', '12:19:01', 4, 3),
(2410301, '2010-03-09', '15:46:08', 3, 2),
(2411809, '2010-03-09', '19:10:55', 1, 4),
(2452220, '2010-03-16', '05:01:20', 3, 2),
(2460787, '2010-03-17', '08:43:25', 9, 3),
(2506632, '2010-03-24', '09:51:54', 5, 4),
(2518339, '2010-03-25', '18:32:16', 2, 1),
(2519978, '2010-03-25', '22:44:39', 2, 1),
(2549167, '2010-03-30', '22:26:39', 10, 2),
(2581375, '2010-04-05', '21:44:15', 2, 4),
(2654718, '2010-04-16', '16:47:13', 2, 4),
(2695364, '2010-04-23', '00:02:34', 1, 4),
(2736411, '2010-04-29', '10:10:27', 25, 4),
(2755470, '2010-05-02', '23:42:18', 2, 2),
(2770890, '2010-05-05', '05:47:12', 2, 1),
(2820808, '2010-05-12', '16:30:23', 1, 3),
(2830957, '2010-05-13', '23:27:01', 6, 2),
(2842560, '2010-05-16', '04:10:01', 5, 1),
(2855629, '2010-05-18', '08:30:32', 8, 4),
(2916239, '2010-05-26', '19:48:38', 2, 5),
(2923210, '2010-05-27', '17:05:43', 108, 6),
(2940437, '2010-05-30', '21:38:41', 6, 8),
(2950978, '2010-06-01', '15:19:46', 10, 2),
(2951128, '2010-06-01', '15:40:18', 43, 6),
(2955842, '2010-06-02', '07:49:35', 3, 1),
(3076048, '2010-06-19', '15:37:48', 8, 6),
(3084443, '2010-06-21', '12:07:25', 2, 1),
(3101610, '2010-06-23', '12:36:35', 0, 3),
(3121920, '2010-06-25', '22:48:48', 22, 6),
(3129916, '2010-06-28', '03:35:32', 18, 2),
(3189189, '2010-07-06', '18:40:44', 5, 1),
(3191402, '2010-07-07', '01:54:24', 2, 1),
(3195518, '2010-07-07', '14:03:42', 7, 4),
(3212101, '2010-07-09', '11:20:04', 3, 1),
(3263155, '2010-07-16', '08:32:32', 0, 2),
(3286512, '2010-07-20', '02:11:37', 1, 1),
(3311390, '2010-07-22', '17:03:34', 9, 5),
(3321155, '2010-07-23', '18:17:50', 3, 3),
(3366535, '2010-07-29', '20:10:18', 2, 2),
(3407066, '2010-08-04', '15:24:06', 1, 1),
(3408340, '2010-08-04', '17:59:30', 3, 2),
(3441178, '2010-08-09', '14:44:54', 2, 2),
(3456738, '2010-08-11', '08:46:40', 2, 4),
(3614894, '2010-09-01', '03:43:32', 5, 1),
(3683441, '2010-09-10', '09:15:42', 1, 1),
(3691018, '2010-09-11', '12:41:32', 8, 2),
(3734305, '2010-09-17', '09:55:24', 1, 1),
(3786827, '2010-09-24', '12:01:31', 10, 7),
(3806738, '2010-09-27', '18:36:15', 2, 3),
(3842590, '2010-10-01', '19:55:02', 12, 2),
(3894079, '2010-10-08', '20:29:53', 5, 2),
(3942174, '2010-10-15', '12:23:04', 3, 3),
(3944207, '2010-10-15', '16:30:50', 11, 1),
(3963989, '2010-10-18', '22:38:15', 0, 3),
(3968628, '2010-10-19', '13:06:44', 3, 2),
(3994878, '2010-10-22', '07:56:02', 1, 1),
(4128974, '2010-11-08', '22:58:50', 9, 2),
(4168825, '2010-11-12', '20:34:04', 1, 3),
(4202566, '2010-11-17', '08:14:23', 0, 2),
(4247022, '2010-11-22', '15:30:36', 3, 7),
(4350764, '2010-12-03', '23:12:56', 12, 5),
(4367988, '2010-12-06', '15:33:42', 7, 1),
(4416415, '2010-12-11', '11:09:30', 0, 2),
(4441397, '2010-12-14', '16:21:20', 2, 3),
(4469645, '2010-12-17', '10:36:54', 12, 8),
(4473632, '2010-12-17', '18:28:02', 2, 1),
(4506299, '2010-12-22', '05:01:43', 2, 1),
(4526113, '2010-12-24', '11:44:16', 31, 6),
(4581700, '2011-01-03', '02:28:38', 2, 3),
(4597172, '2011-01-04', '18:45:08', 1, 1),
(4633879, '2011-01-08', '12:38:17', 2, 2),
(4686283, '2011-01-13', '22:54:00', 4, 2),
(4704092, '2011-01-16', '06:03:32', 0, 3),
(4764031, '2011-01-21', '21:35:20', 2, 2),
(4779611, '2011-01-24', '07:30:30', 4, 2),
(4793122, '2011-01-25', '11:47:52', 5, 1),
(4868227, '2011-02-01', '21:36:34', 0, 5),
(4890095, '2011-02-03', '18:23:32', 8, 2),
(4969867, '2011-02-11', '14:02:12', 1, 2),
(4979560, '2011-02-12', '17:46:25', 1, 1),
(5013002, '2011-02-16', '05:58:46', 3, 3),
(5040995, '2011-02-18', '11:56:55', 0, 1),
(5046159, '2011-02-18', '20:23:10', 1, 4),
(5090605, '2011-02-23', '12:00:30', 3, 3),
(5116977, '2011-02-25', '12:01:01', 21, 4),
(5127970, '2011-02-26', '16:03:20', 3, 6),
(5176929, '2011-03-03', '05:13:16', 12, 3),
(5200281, '2011-03-04', '23:09:05', 5, 1),
(5204037, '2011-03-05', '13:18:09', 0, 1),
(5295442, '2011-03-14', '06:27:51', 1, 5),
(5305717, '2011-03-14', '23:08:09', 0, 3),
(5308110, '2011-03-15', '06:11:28', 4, 4),
(5330590, '2011-03-16', '19:19:43', 4, 4),
(5349812, '2011-03-18', '08:53:54', 4, 6),
(5402974, '2011-03-23', '09:14:08', 4, 3),
(5478241, '2011-03-29', '20:02:57', 6, 2),
(5540884, '2011-04-04', '15:39:06', 1, 3),
(5557474, '2011-04-05', '19:36:45', 5, 1),
(5559317, '2011-04-05', '22:26:39', 1, 1),
(5566135, '2011-04-06', '12:13:04', 0, 1),
(5566482, '2011-04-06', '12:40:06', 0, 2),
(5601581, '2011-04-08', '22:54:29', 2, 3),
(5613637, '2011-04-10', '17:55:32', 3, 2),
(5706921, '2011-04-18', '18:00:34', 2, 1),
(5795354, '2011-04-26', '19:19:45', 1, 3),
(5795920, '2011-04-26', '20:15:51', 2, 2),
(5860645, '2011-05-02', '18:02:17', 0, 1),
(5879809, '2011-05-04', '07:13:14', 0, 1),
(5970951, '2011-05-11', '21:39:51', 3, 1),
(6052896, '2011-05-19', '01:40:34', 2, 2),
(6090716, '2011-05-22', '20:53:09', 0, 2),
(6097212, '2011-05-23', '12:30:45', 6, 1),
(6100871, '2011-05-23', '17:45:57', 19, 4),
(6105872, '2011-05-24', '05:01:15', 2, 1),
(6200488, '2011-06-01', '11:37:42', 1, 3),
(6232144, '2011-06-03', '20:11:52', 6, 2),
(6258775, '2011-06-06', '22:32:13', 2, 2),
(6298830, '2011-06-09', '20:26:54', 19, 5),
(6306825, '2011-06-10', '13:11:44', 2, 1),
(6310609, '2011-06-10', '18:33:35', 3, 3),
(6338244, '2011-06-14', '01:42:43', 4, 3),
(6492581, '2011-06-27', '12:06:19', 11, 3),
(6509996, '2011-06-28', '16:41:22', 0, 1),
(6550164, '2011-07-01', '15:44:45', 5, 3),
(6579661, '2011-07-05', '08:14:47', 6, 2),
(6650693, '2011-07-11', '13:20:17', 3, 2),
(6655696, '2011-07-11', '19:52:32', 12, 4),
(6698743, '2011-07-14', '19:18:29', 7, 3),
(6749297, '2011-07-19', '14:59:17', 1, 2),
(6790274, '2011-07-22', '12:51:01', 10, 4),
(6807406, '2011-07-24', '14:31:14', 12, 2),
(6828321, '2011-07-26', '09:59:44', 1, 2),
(6917585, '2011-08-02', '19:36:53', 2, 2),
(7008014, '2011-08-10', '08:41:03', 2, 6),
(7061528, '2011-08-15', '03:42:52', 4, 1),
(7094647, '2011-08-17', '14:36:16', 5, 1),
(7182264, '2011-08-24', '21:06:25', 6, 2),
(7189450, '2011-08-25', '11:18:35', 4, 1),
(7196335, '2011-08-25', '19:49:29', 3, 1),
(7218280, '2011-08-28', '00:32:39', 2, 1),
(7331811, '2011-09-07', '09:46:09', 11, 3),
(7375037, '2011-09-10', '22:13:57', 5, 3),
(7493552, '2011-09-21', '01:14:26', 5, 2),
(7493633, '2011-09-21', '01:33:12', 2, 1),
(7497207, '2011-09-21', '09:03:04', 1, 1),
(7507784, '2011-09-21', '23:06:42', 48, 10),
(7523023, '2011-09-23', '00:28:41', 0, 1),
(7608800, '2011-09-30', '10:02:09', 2, 3),
(7741720, '2011-10-12', '14:30:56', 5, 5),
(7746485, '2011-10-12', '20:58:00', 0, 2),
(7801969, '2011-10-18', '03:06:32', 1, 2),
(7828041, '2011-10-19', '20:58:35', 8, 2),
(8024790, '2011-11-06', '02:16:23', 11, 4),
(8119544, '2011-11-14', '09:31:44', 1, 1),
(8124538, '2011-11-14', '16:17:48', 3, 1),
(8147877, '2011-11-16', '06:59:38', 12, 3),
(8242172, '2011-11-23', '12:25:59', 3, 1),
(8277874, '2011-11-26', '10:42:06', 2, 1),
(8306284, '2011-11-29', '05:26:57', 1, 0),
(8309569, '2011-11-29', '10:54:45', 5, 6),
(8324947, '2011-11-30', '11:08:48', 7, 4),
(8447090, '2011-12-09', '14:41:45', 7, 1),
(8456420, '2011-12-10', '12:13:54', 10, 1),
(8460797, '2011-12-10', '23:37:07', 6, 2),
(8514725, '2011-12-15', '03:22:23', 6, 1),
(8522044, '2011-12-15', '14:59:27', 1, 1),
(8579654, '2011-12-20', '17:47:10', 0, 2),
(8621056, '2011-12-23', '22:09:01', 1, 1),
(8717656, '2012-01-03', '19:36:24', 1, 2),
(8833060, '2012-01-12', '09:54:55', 2, 1),
(8836388, '2012-01-12', '14:07:59', 0, 1),
(8872751, '2012-01-15', '19:42:48', 2, 1),
(8913529, '2012-01-18', '16:18:30', 3, 11),
(8937701, '2012-01-20', '06:45:22', 4, 2),
(9030315, '2012-01-27', '07:46:32', 2, 2),
(9053429, '2012-01-29', '13:13:11', 6, 3),
(9065115, '2012-01-30', '14:09:33', 3, 2),
(9178316, '2012-02-07', '14:48:51', 4, 1),
(9193931, '2012-02-08', '13:09:45', 0, 1),
(9204073, '2012-02-09', '01:03:36', 0, 0),
(9316032, '2012-02-16', '17:29:07', 4, 1),
(9383599, '2012-02-21', '19:09:35', 0, 0),
(9389673, '2012-02-22', '05:44:42', 3, 2),
(9427501, '2012-02-24', '08:19:31', 0, 0),
(9503720, '2012-02-29', '17:23:12', 0, 1),
(9562598, '2012-03-05', '06:41:17', 0, 5),
(9631833, '2012-03-09', '09:38:50', 4, 1),
(9695207, '2012-03-14', '02:41:29', 11, 4),
(9735273, '2012-03-16', '10:08:42', 1, 2),
(9785851, '2012-03-20', '11:25:41', 0, 3),
(9797298, '2012-03-21', '01:06:35', 0, 0),
(9815038, '2012-03-22', '00:56:25', 18, 4),
(9826451, '2012-03-22', '16:24:44', 3, 2),
(9843031, '2012-03-23', '16:37:54', 4, 1),
(9955694, '2012-03-31', '12:03:42', 0, 4),
(9975733, '2012-04-02', '11:39:48', 9, 1),
(9992585, '2012-04-03', '11:46:17', 5, 2),
(9996681, '2012-04-03', '15:37:59', 1, 1),
(10211326, '2012-04-18', '14:18:06', 5, 2),
(10214144, '2012-04-18', '16:52:04', 3, 2),
(10278243, '2012-04-23', '09:50:17', 0, 1),
(10344353, '2012-04-27', '03:23:54', 1, 0),
(10368305, '2012-04-28', '23:01:47', 3, 2),
(10378467, '2012-04-30', '04:22:01', 1, 1),
(10402822, '2012-05-01', '19:06:09', 3, 2),
(10418283, '2012-05-02', '16:53:33', 1, 0),
(10486578, '2012-05-07', '17:42:58', 5, 1),
(10505737, '2012-05-08', '20:09:02', 1, 1),
(10646531, '2012-05-18', '04:02:01', 35, 4),
(10714668, '2012-05-23', '06:35:41', 14, 1),
(10737926, '2012-05-24', '12:55:28', 5, 1),
(10855810, '2012-06-01', '18:52:24', 1, 2),
(10928966, '2012-06-07', '09:17:34', 1, 2),
(10985991, '2012-06-11', '19:02:31', 3, 6),
(11030792, '2012-06-14', '10:03:29', 1, 1),
(11036389, '2012-06-14', '15:27:38', 6, 3),
(11055336, '2012-06-15', '17:15:40', 122, 3),
(11131302, '2012-06-21', '03:58:06', 1, 2),
(11143026, '2012-06-21', '16:55:21', 6, 2),
(11149009, '2012-06-22', '01:10:37', 0, 1),
(11187005, '2012-06-25', '09:51:35', 0, 1),
(11232107, '2012-06-27', '17:47:04', 0, 1),
(11290378, '2012-07-02', '08:43:41', 1, 0),
(11302698, '2012-07-02', '23:46:02', 3, 1),
(11349359, '2012-07-05', '17:22:35', 0, 0),
(11433954, '2012-07-11', '13:40:55', 3, 5),
(11437459, '2012-07-11', '16:46:11', 1, 1),
(11452074, '2012-07-12', '12:40:18', 2, 5),
(11461726, '2012-07-12', '22:35:17', 1, 1),
(11619575, '2012-07-23', '19:58:06', 0, 1),
(11650596, '2012-07-25', '13:17:10', 1, 2),
(11666905, '2012-07-26', '09:59:25', 0, 4),
(11672625, '2012-07-26', '15:23:16', 0, 1),
(11685427, '2012-07-27', '09:52:23', 7, 2),
(11690909, '2012-07-27', '15:25:11', 2, 1),
(11725089, '2012-07-30', '15:57:17', 1, 1),
(11801323, '2012-08-03', '18:31:01', 0, 1),
(11832654, '2012-08-06', '16:58:40', 0, 2),
(11866324, '2012-08-08', '14:09:29', 3, 1),
(11870266, '2012-08-08', '17:50:28', 0, 3),
(12093169, '2012-08-23', '13:50:29', 2, 2),
(12162919, '2012-08-28', '15:46:42', 3, 2),
(12200301, '2012-08-30', '15:23:29', 5, 3),
(12201578, '2012-08-30', '16:37:38', 3, 1),
(12360949, '2012-09-10', '23:53:35', 3, 2),
(12463675, '2012-09-17', '16:41:46', 1, 2),
(12526325, '2012-09-21', '07:48:54', 1, 1),
(12589685, '2012-09-25', '19:20:27', 1, 2),
(12686014, '2012-10-02', '07:21:22', 7, 2),
(12729827, '2012-10-04', '14:41:56', 1, 3),
(12788870, '2012-10-08', '20:20:18', 4, 1),
(12873715, '2012-10-13', '13:47:45', 2, 3),
(12955379, '2012-10-18', '13:03:27', 1, 1),
(13165731, '2012-10-31', '18:56:07', 1, 1),
(13170812, '2012-11-01', '04:07:42', 0, 3),
(13244384, '2012-11-06', '04:27:39', 2, 1),
(13255645, '2012-11-06', '16:50:20', 1, 1),
(13265932, '2012-11-07', '08:39:30', 0, 1),
(13320285, '2012-11-10', '07:48:23', 2, 4),
(13344404, '2012-11-12', '13:15:55', 1, 1),
(13378025, '2012-11-14', '11:32:53', 4, 3),
(13412488, '2012-11-16', '07:51:53', 0, 1),
(13500493, '2012-11-21', '19:17:50', 4, 0),
(13539049, '2012-11-24', '06:50:12', 0, 1),
(13787490, '2012-12-09', '12:49:19', 5, 2),
(13799199, '2012-12-10', '10:35:49', 19, 1),
(13807057, '2012-12-10', '18:35:57', 2, 1),
(13873717, '2012-12-14', '06:23:23', 0, 1),
(13916188, '2012-12-17', '14:38:44', 2, 1),
(14130255, '2013-01-02', '22:28:32', 0, 2),
(14169735, '2013-01-05', '07:36:39', 0, 3),
(14207755, '2013-01-08', '03:25:46', 1, 2),
(14327207, '2013-01-14', '21:38:56', 4, 4),
(14380971, '2013-01-17', '14:14:22', 0, 1),
(14435706, '2013-01-21', '09:29:26', 1, 1),
(14460314, '2013-01-22', '14:00:23', -2, 1),
(14474279, '2013-01-23', '07:12:41', 0, 0),
(14502405, '2013-01-24', '13:24:34', 1, 0),
(14573292, '2013-01-28', '23:41:05', -1, 1),
(14580969, '2013-01-29', '10:39:05', 5, 1),
(14684946, '2013-02-04', '10:38:38', 0, 4),
(14830958, '2013-02-12', '11:00:09', 0, 2),
(14855135, '2013-02-13', '13:52:41', 1, 1),
(14899628, '2013-02-15', '17:00:23', 2, 1),
(15168717, '2013-03-01', '23:37:55', 0, 1),
(15174808, '2013-03-02', '13:03:21', 2, 2),
(15242600, '2013-03-06', '08:44:55', 2, 1),
(15284487, '2013-03-08', '00:19:59', 0, 3),
(15299539, '2013-03-08', '17:10:46', 0, 2),
(15326998, '2013-03-10', '20:10:28', 0, 1),
(15473643, '2013-03-18', '09:42:13', 3, 1),
(15520239, '2013-03-20', '09:54:50', 6, 5),
(15584690, '2013-03-23', '08:07:32', 0, 2),
(15590920, '2013-03-23', '19:08:38', 1, 1),
(15778453, '2013-04-03', '03:41:16', 3, 1),
(15826828, '2013-04-05', '05:49:31', 0, 0),
(15842614, '2013-04-05', '20:07:56', 0, 4),
(15941392, '2013-04-11', '05:32:58', 0, 0),
(15942936, '2013-04-11', '07:24:16', 4, 3),
(16022574, '2013-04-15', '18:47:04', 1, 1),
(16061361, '2013-04-17', '13:27:54', 2, 2),
(16266414, '2013-04-28', '18:45:43', 2, 1),
(16308336, '2013-04-30', '20:21:26', 0, 1),
(16415625, '2013-05-07', '09:28:57', 0, 1),
(16430592, '2013-05-08', '00:06:15', 0, 2),
(16538973, '2013-05-14', '09:00:16', 4, 2),
(16544428, '2013-05-14', '13:23:59', 5, 1),
(16556813, '2013-05-15', '04:21:44', 8, 1),
(16564042, '2013-05-15', '11:39:06', 3, 1),
(16587247, '2013-05-16', '12:18:31', -6, 1),
(16652677, '2013-05-20', '15:15:45', 4, 1),
(16653321, '2013-05-20', '15:50:34', 1, 2),
(16670579, '2013-05-21', '12:56:51', 0, 1),
(16672815, '2013-05-21', '14:41:55', 0, 0),
(16678441, '2013-05-21', '19:59:09', 0, 1),
(16699178, '2013-05-22', '18:32:48', 0, 0),
(16721567, '2013-05-23', '18:44:04', 1, 1),
(16969693, '2013-06-06', '18:40:15', 0, 0),
(16992793, '2013-06-07', '20:54:39', 1, 2),
(17034898, '2013-06-11', '00:33:52', 1, 2),
(17059753, '2013-06-12', '07:18:39', 6, 3),
(17062684, '2013-06-12', '10:00:42', 3, 2),
(17102371, '2013-06-14', '06:27:21', 0, 0),
(17112611, '2013-06-14', '15:57:42', 0, 0),
(17183648, '2013-06-19', '05:42:40', 0, 1),
(17186114, '2013-06-19', '08:13:06', 0, 1),
(17340377, '2013-06-27', '10:10:33', 2, 1),
(17375037, '2013-06-28', '23:21:55', 1, 3),
(17402246, '2013-07-01', '10:26:39', 0, 1),
(17510945, '2013-07-07', '09:43:31', 0, 1),
(17531201, '2013-07-08', '16:07:38', 2, 1),
(17645994, '2013-07-15', '02:41:10', 0, 0),
(17697368, '2013-07-17', '10:29:37', 0, 1),
(17723733, '2013-07-18', '12:41:02', 3, 2),
(17751097, '2013-07-19', '16:29:27', 8, 0),
(17783254, '2013-07-22', '08:47:29', 7, 3),
(17804373, '2013-07-23', '07:50:37', 0, 4),
(17868722, '2013-07-25', '21:04:41', 1, 1),
(18070188, '2013-08-06', '00:58:50', 1, 1),
(18093539, '2013-08-07', '02:15:28', 0, 1),
(18136800, '2013-08-08', '21:53:32', 1, 4),
(18147059, '2013-08-09', '12:49:52', 1, 2),
(18158181, '2013-08-10', '02:44:24', 0, 1),
(18239201, '2013-08-14', '18:12:27', 1, 1),
(18364842, '2013-08-21', '18:17:13', 2, 1),
(18374263, '2013-08-22', '07:32:02', 1, 2),
(18449418, '2013-08-26', '17:15:06', 4, 1),
(18468006, '2013-08-27', '14:17:43', 3, 1),
(18499550, '2013-08-28', '22:49:03', 0, 1),
(18535706, '2013-08-30', '14:44:26', 4, 1),
(18578146, '2013-09-02', '17:19:49', 0, 1),
(18641163, '2013-09-05', '16:09:45', 1, 1),
(18663331, '2013-09-06', '17:27:19', 13, 2),
(18718151, '2013-09-10', '11:47:21', 1, 1),
(18746550, '2013-09-11', '16:29:31', 0, 4),
(18790332, '2013-09-13', '15:44:19', 1, 1),
(18858146, '2013-09-17', '19:19:40', 1, 2),
(18993445, '2013-09-24', '22:52:33', 5, 2),
(19174970, '2013-10-04', '06:45:54', 0, 1),
(19177930, '2013-10-04', '09:35:14', 0, 1),
(19185543, '2013-10-04', '15:51:44', 1, 1),
(19387043, '2013-10-15', '17:10:46', 5, 1),
(19461349, '2013-10-19', '01:33:04', 0, 1),
(19465228, '2013-10-19', '10:51:45', 0, 1),
(19499889, '2013-10-21', '16:27:26', 1, 1),
(19573966, '2013-10-24', '18:40:04', 0, 1),
(19620401, '2013-10-27', '16:26:52', 0, 1),
(19655647, '2013-10-29', '10:31:16', 0, 1),
(19664582, '2013-10-29', '16:57:56', 0, 1),
(19684155, '2013-10-30', '13:51:17', 6, 5),
(19694989, '2013-10-30', '22:25:20', 0, 0),
(19726791, '2013-11-01', '12:29:23', 14, 2),
(19740576, '2013-11-02', '09:28:39', 0, 1),
(19785923, '2013-11-05', '09:47:11', 1, 3),
(19871612, '2013-11-09', '02:14:41', 0, 4),
(19892416, '2013-11-10', '16:59:18', 3, 1),
(19970312, '2013-11-14', '05:36:29', 1, 1),
(19976892, '2013-11-14', '11:49:33', 0, 4),
(20162442, '2013-11-23', '12:43:51', 0, 1),
(20259607, '2013-11-28', '06:57:33', 0, 1),
(20266427, '2013-11-28', '12:36:51', 0, 1),
(20353968, '2013-12-03', '14:34:24', 0, 1),
(20401328, '2013-12-05', '13:30:03', 0, 1),
(20490450, '2013-12-10', '09:22:17', 2, 1),
(20500287, '2013-12-10', '16:48:06', 1, 0),
(20546702, '2013-12-12', '14:52:27', 0, 1),
(20550660, '2013-12-12', '17:52:51', 2, 1),
(20559708, '2013-12-13', '05:27:51', 3, 5),
(20599837, '2013-12-15', '21:09:02', 0, 1),
(20686527, '2013-12-19', '16:16:39', 1, 4),
(20941270, '2014-01-06', '00:51:49', 5, 2),
(21136656, '2014-01-15', '11:50:39', 0, 0),
(21235933, '2014-01-20', '13:57:45', 1, 1),
(21272744, '2014-01-22', '01:58:30', 14, 2),
(21277933, '2014-01-22', '08:38:15', 3, 2),
(21298012, '2014-01-23', '02:10:15', 2, 0),
(21323234, '2014-01-24', '02:22:32', 0, 1),
(21400970, '2014-01-28', '08:57:50', 0, 1),
(21508421, '2014-02-02', '08:10:26', 0, 1),
(21693233, '2014-02-11', '04:37:48', 2, 2),
(21700274, '2014-02-11', '11:13:00', 2, 2),
(21824597, '2014-02-17', '08:58:16', 21, 2),
(21995504, '2014-02-24', '18:05:17', 4, 4),
(22014198, '2014-02-25', '12:26:59', 5, 0),
(22100433, '2014-02-28', '16:22:15', 2, 0),
(22119641, '2014-03-01', '20:02:40', 0, 1),
(22296514, '2014-03-10', '09:36:27', 4, 2),
(22339856, '2014-03-12', '00:55:38', 4, 1),
(22341063, '2014-03-12', '02:52:13', 3, 1),
(22425542, '2014-03-15', '15:12:29', 8, 2),
(22529340, '2014-03-20', '10:00:18', 0, 2),
(22544717, '2014-03-20', '20:47:23', 1, 2),
(22565960, '2014-03-21', '17:48:18', 0, 2),
(22738635, '2014-03-30', '00:13:41', 0, 1),
(22762201, '2014-03-31', '12:59:51', 2, 3),
(22805613, '2014-04-02', '08:27:52', 2, 1),
(22813606, '2014-04-02', '13:50:20', 0, 1),
(22932078, '2014-04-08', '08:52:07', 1, 0),
(22958965, '2014-04-09', '09:55:38', 5, 2),
(23000291, '2014-04-10', '22:33:51', 0, 2),
(23195044, '2014-04-21', '09:59:38', 9, 1),
(23236548, '2014-04-23', '06:31:50', 3, 3),
(23245659, '2014-04-23', '13:20:56', 0, 1),
(23378200, '2014-04-30', '01:35:30', 1, 0),
(23382015, '2014-04-30', '07:21:50', 0, 1),
(23400207, '2014-05-01', '00:14:06', 1, 2),
(23704097, '2014-05-16', '20:33:26', 16, 3),
(23803023, '2014-05-22', '09:37:42', 3, 2),
(23830822, '2014-05-23', '13:41:00', 3, 2),
(23968248, '2014-05-30', '23:00:46', 2, 1),
(24072013, '2014-06-05', '23:46:05', 5, 1),
(24118858, '2014-06-09', '10:58:37', 1, 0),
(24127491, '2014-06-09', '19:27:09', 3, 2),
(24157714, '2014-06-11', '08:06:54', 5, 1),
(24184810, '2014-06-12', '12:46:48', 5, 3),
(24297154, '2014-06-19', '00:50:16', 2, 1),
(24369272, '2014-06-23', '15:06:04', 7, 4),
(24396293, '2014-06-24', '21:06:29', 0, 2),
(24403551, '2014-06-25', '08:18:47', 21, 1),
(24501368, '2014-07-01', '01:45:01', 0, 1),
(24519737, '2014-07-01', '21:43:01', 0, 1),
(24532467, '2014-07-02', '13:30:30', 0, 2),
(24546912, '2014-07-03', '06:54:58', 0, 2),
(24677857, '2014-07-10', '13:30:10', 0, 1),
(24738281, '2014-07-14', '13:59:19', 0, 1),
(24848771, '2014-07-20', '08:36:49', 1, 1),
(25013942, '2014-07-29', '11:12:39', 0, 0),
(25184148, '2014-08-07', '13:41:52', 8, 1),
(25225149, '2014-08-10', '03:07:52', 2, 3),
(25226325, '2014-08-10', '07:04:44', 2, 2),
(25228182, '2014-08-10', '11:34:52', 1, 1),
(25376496, '2014-08-19', '05:52:05', 1, 2),
(25831077, '2014-09-14', '07:32:33', 1, 0),
(25897492, '2014-09-17', '18:10:03', 1, 1),
(25986863, '2014-09-23', '04:23:01', 3, 1),
(26034586, '2014-09-25', '09:07:17', 2, 1),
(26087884, '2014-09-28', '18:03:36', 0, 2),
(26152305, '2014-10-01', '23:31:15', 9, 3),
(26184094, '2014-10-03', '17:49:29', 3, 1),
(26231757, '2014-10-07', '08:31:05', 9, 1),
(26245182, '2014-10-07', '20:58:10', 1, 1),
(26254975, '2014-10-08', '10:43:50', 1, 2),
(26286174, '2014-10-09', '19:09:51', 2, 1),
(26489640, '2014-10-21', '14:50:00', 1, 1),
(26634744, '2014-10-29', '15:44:35', 2, 3),
(26663827, '2014-10-30', '21:41:07', 4, 1),
(26795718, '2014-11-07', '06:54:20', 1, 0),
(26818198, '2014-11-08', '14:38:39', 1, 1),
(27049999, '2014-11-20', '21:35:19', 0, 1),
(27053343, '2014-11-21', '02:50:56', 0, 2),
(27130634, '2014-11-25', '15:28:39', 0, 1),
(27219858, '2014-12-01', '00:06:11', 0, 2),
(27254175, '2014-12-02', '16:25:01', -1, 1),
(27452847, '2014-12-12', '22:04:54', 0, 1),
(27557592, '2014-12-18', '23:34:05', 0, 1),
(27632660, '2014-12-24', '06:40:40', 11, 1),
(27759933, '2015-01-03', '21:54:44', 1, 1),
(27877390, '2015-01-10', '14:41:07', 0, 1),
(27942386, '2015-01-14', '11:56:07', 0, 1),
(28031736, '2015-01-19', '19:01:04', 1, 0),
(28075962, '2015-01-21', '20:09:44', 2, 4),
(28155293, '2015-01-26', '17:21:23', 0, 2),
(28187434, '2015-01-28', '08:10:49', 4, 2),
(28326080, '2015-02-04', '16:12:50', 3, 1),
(28419211, '2015-02-09', '20:57:58', 0, 1),
(28453092, '2015-02-11', '11:22:40', -1, 2),
(28549635, '2015-02-16', '20:18:31', 1, 1),
(28646888, '2015-02-21', '14:28:57', 0, 1),
(28815255, '2015-03-02', '16:54:25', 5, 1),
(28818460, '2015-03-02', '20:00:41', 1, 1),
(28912594, '2015-03-07', '07:40:41', 3, 0),
(29060043, '2015-03-15', '11:23:13', 1, 2),
(29061067, '2015-03-15', '13:22:05', 2, 1),
(29079619, '2015-03-16', '14:41:20', 0, 2),
(29182103, '2015-03-21', '11:19:17', 0, 0),
(29216175, '2015-03-23', '17:09:56', 2, 1),
(29399824, '2015-04-01', '20:07:26', 0, 1),
(29410809, '2015-04-02', '10:35:34', 0, 2),
(29468724, '2015-04-06', '09:40:30', 0, 2),
(29547886, '2015-04-09', '20:01:38', 0, 1),
(29576423, '2015-04-11', '09:46:27', 1, 2),
(29629947, '2015-04-14', '14:24:48', 3, 3),
(29668884, '2015-04-16', '08:08:17', 2, 1),
(29814047, '2015-04-23', '04:59:17', 3, 3),
(30080236, '2015-05-06', '14:50:18', 1, 1),
(30266009, '2015-05-15', '18:04:00', -1, 2),
(30352580, '2015-05-20', '13:28:54', 1, 3),
(30644743, '2015-06-04', '13:12:18', 6, 3),
(30827925, '2015-06-14', '09:42:50', 1, 3),
(30838406, '2015-06-15', '06:13:03', 1, 4),
(31275467, '2015-07-07', '17:28:15', 2, 1),
(31295781, '2015-07-08', '14:32:52', 1, 0),
(31324724, '2015-07-09', '17:47:38', 0, 0),
(31372636, '2015-07-12', '21:11:28', -4, 1),
(31379662, '2015-07-13', '09:23:13', 5, 1),
(31521465, '2015-07-20', '16:18:12', 1, 1),
(31540446, '2015-07-21', '13:27:54', 36, 2),
(31545758, '2015-07-21', '17:27:45', 0, 0),
(31565989, '2015-07-22', '14:25:58', 2, 2),
(31569758, '2015-07-22', '17:12:43', 1, 1),
(31585930, '2015-07-23', '11:23:52', 2, 1),
(31616816, '2015-07-24', '17:51:48', 3, 1),
(31654505, '2015-07-27', '13:32:47', 21, 1),
(31734263, '2015-07-30', '21:20:10', 2, 1),
(31799634, '2015-08-04', '02:16:52', 1, 1),
(31967738, '2015-08-12', '14:12:49', 3, 1),
(31978160, '2015-08-13', '01:40:49', 1, 1),
(31983262, '2015-08-13', '08:35:30', 10, 1),
(32096223, '2015-08-19', '12:59:06', 8, 1),
(32246652, '2015-08-27', '10:15:25', 4, 1),
(32252933, '2015-08-27', '15:01:38', 0, 1),
(32398460, '2015-09-04', '12:46:27', 0, 1),
(32481719, '2015-09-09', '14:03:28', 3, 2),
(32587431, '2015-09-15', '13:31:10', 1, 2),
(32590906, '2015-09-15', '16:15:08', 1, 1),
(32915597, '2015-10-02', '20:46:01', 0, 0),
(33015150, '2015-10-08', '11:58:39', 0, 2),
(33048046, '2015-10-09', '22:28:54', 0, 1),
(33103172, '2015-10-13', '12:49:07', 2, 1),
(33121587, '2015-10-14', '09:30:26', 2, 0),
(33319295, '2015-10-24', '14:30:20', 12, 0),
(33458845, '2015-11-01', '03:10:09', 0, 3),
(33710201, '2015-11-14', '15:47:33', -1, 1),
(33770374, '2015-11-18', '01:42:19', 3, 4),
(33781140, '2015-11-18', '13:17:26', 3, 2),
(33832491, '2015-11-20', '17:18:47', 1, 1),
(33844849, '2015-11-21', '15:03:34', 1, 0),
(33918130, '2015-11-25', '13:46:35', 0, 2),
(33977563, '2015-11-28', '23:16:31', 2, 0),
(34071716, '2015-12-03', '16:52:01', 1, 2),
(34085366, '2015-12-04', '09:50:48', 3, 1),
(34100118, '2015-12-05', '01:15:12', 2, 2),
(34112980, '2015-12-06', '01:32:31', 2, 2),
(34256592, '2015-12-13', '21:29:32', 0, 3),
(34301579, '2015-12-15', '23:44:27', 1, 1),
(34327430, '2015-12-17', '05:45:28', 0, 2),
(34338162, '2015-12-17', '15:23:51', 2, 1),
(34363635, '2015-12-18', '20:41:41', 1, 3),
(34380859, '2015-12-20', '12:10:39', -5, 2),
(34394938, '2015-12-21', '11:45:38', 0, 1),
(34446207, '2015-12-24', '01:43:53', 2, 1),
(34777302, '2016-01-13', '21:25:14', 2, 1),
(35405833, '2016-02-15', '09:38:26', 1, 0),
(35583483, '2016-02-23', '16:53:55', 2, 1),
(35640209, '2016-02-25', '23:05:07', 0, 0),
(35689094, '2016-02-28', '22:29:07', 8, 1),
(35703092, '2016-02-29', '15:19:14', 10, 1),
(35703285, '2016-02-29', '15:27:37', 1, 1),
(35896090, '2016-03-09', '15:40:40', 0, 2),
(35949853, '2016-03-11', '21:03:00', 0, 3),
(36216297, '2016-03-25', '08:10:29', 0, 0),
(36350420, '2016-04-01', '07:27:38', 0, 0),
(36570911, '2016-04-12', '10:43:22', 5, 2),
(36819718, '2016-04-24', '05:42:57', 0, 0),
(37044445, '2016-05-05', '07:01:55', 0, 1),
(37107832, '2016-05-09', '04:40:25', 2, 1),
(37198384, '2016-05-12', '22:18:32', 0, 0),
(37450686, '2016-05-26', '02:43:39', 1, 1),
(37477439, '2016-05-27', '07:31:59', 0, 1),
(37526598, '2016-05-30', '13:13:14', 2, 2),
(37770462, '2016-06-12', '03:28:13', 0, 0),
(37961528, '2016-06-22', '07:38:49', 0, 0),
(38292741, '2016-07-10', '14:05:05', 1, 1),
(38378525, '2016-07-14', '15:38:46', 0, 0),
(38391304, '2016-07-15', '08:23:10', 0, 0),
(38412251, '2016-07-16', '14:38:14', -1, 1),
(38500019, '2016-07-21', '09:18:39', 0, 0),
(38543930, '2016-07-23', '16:23:41', 1, 1),
(38643041, '2016-07-28', '17:28:18', 1, 0),
(38648775, '2016-07-29', '00:33:46', 2, 2),
(38887340, '2016-08-11', '04:35:56', 1, 1),
(38894078, '2016-08-11', '10:40:55', 0, 2),
(38928839, '2016-08-13', '03:14:49', 2, 0),
(38950909, '2016-08-15', '07:26:00', 1, 1),
(38966363, '2016-08-16', '03:47:56', 0, 1),
(39097257, '2016-08-23', '09:22:27', 3, 1),
(39179957, '2016-08-27', '10:14:53', 1, 1),
(39209430, '2016-08-29', '15:03:47', 0, 0),
(39291850, '2016-09-02', '11:55:56', 2, 2),
(39328395, '2016-09-05', '10:15:00', 1, 1),
(39393388, '2016-09-08', '14:18:36', 0, 1),
(39489183, '2016-09-14', '11:22:57', 1, 0),
(39579959, '2016-09-19', '18:39:04', 2, 1),
(39614294, '2016-09-21', '10:41:55', 0, 2),
(39772075, '2016-09-29', '13:45:00', 0, 0),
(39778385, '2016-09-29', '19:21:35', 0, 1),
(39813612, '2016-10-02', '03:35:38', 0, 1),
(39862240, '2016-10-04', '21:42:20', 1, 1),
(39994054, '2016-10-12', '08:35:11', 1, 2),
(40154012, '2016-10-20', '12:08:44', 0, 0),
(40205440, '2016-10-23', '17:00:16', 0, 0),
(40283108, '2016-10-27', '11:09:39', 0, 0),
(40332448, '2016-10-30', '18:53:46', 2, 1),
(40385195, '2016-11-02', '16:38:37', 1, 2),
(40415392, '2016-11-04', '04:39:42', 2, 1),
(40434424, '2016-11-05', '03:22:36', 0, 1),
(40455338, '2016-11-06', '22:36:01', 3, 1),
(40522164, '2016-11-10', '07:33:05', 1, 0),
(40528656, '2016-11-10', '13:20:39', 1, 1),
(40538621, '2016-11-10', '23:09:05', 1, 0),
(40620646, '2016-11-15', '22:10:59', 0, 1),
(40738910, '2016-11-22', '10:04:40', 0, 0),
(40863157, '2016-11-29', '10:12:58', 0, 1),
(40897461, '2016-11-30', '20:21:56', 2, 2),
(40911804, '2016-12-01', '13:23:12', 5, 2),
(40987457, '2016-12-05', '19:47:54', 0, 0),
(41005932, '2016-12-06', '22:14:08', 0, 2),
(41062953, '2016-12-09', '14:46:14', 0, 0),
(41228820, '2016-12-19', '18:31:42', 1, 1),
(41233923, '2016-12-20', '02:20:11', 1, 1),
(41288032, '2016-12-22', '16:47:48', -1, 1),
(41291835, '2016-12-22', '21:22:39', 2, 0),
(41347966, '2016-12-27', '15:35:08', 0, 0),
(41425972, '2017-01-02', '11:27:41', 0, 1),
(41473982, '2017-01-04', '22:03:02', 2, 1),
(41630029, '2017-01-13', '08:11:53', 1, 0),
(41985790, '2017-02-01', '17:19:57', 0, 1),
(42112296, '2017-02-08', '11:48:57', 0, 0),
(42180111, '2017-02-11', '19:12:44', 0, 0),
(42207831, '2017-02-13', '15:36:34', 0, 1),
(42216740, '2017-02-14', '02:14:48', 3, 1),
(42270255, '2017-02-16', '09:46:16', 0, 0),
(42355160, '2017-02-20', '22:13:08', 0, 1),
(42418351, '2017-02-23', '14:19:58', 0, 0),
(42436375, '2017-02-24', '10:32:17', 0, 1),
(42587814, '2017-03-03', '20:22:37', 0, 0);

-- --------------------------------------------------------

--
-- Estrutura para tabela `conditional_resp`
--

CREATE TABLE IF NOT EXISTS `conditional_resp` (
  `id` int(15) NOT NULL,
  `parentalid` int(15) NOT NULL,
  `datar` varchar(15) CHARACTER SET utf8 COLLATE utf8_bin NOT NULL,
  `timer` varchar(8) CHARACTER SET utf8 COLLATE utf8_bin NOT NULL,
  `score` int(5) NOT NULL
) ENGINE=InnoDB DEFAULT CHARSET=latin1;

--
-- Fazendo dump de dados para tabela `conditional_resp`
--

INSERT INTO `conditional_resp` (`id`, `parentalid`, `datar`, `timer`, `score`) VALUES
(60682, 60673, '2008-09-13', '16:50:23', 0),
(60687, 60673, '2008-09-13', '16:57:26', 7),
(60712, 60673, '2008-09-13', '17:28:03', 9),
(60715, 60673, '2008-09-13', '17:32:34', 4),
(60721, 60673, '2008-09-13', '17:44:11', 1),
(60733, 60673, '2008-09-13', '17:58:58', 1),
(60735, 60673, '2008-09-13', '18:00:22', 9),
(60747, 60673, '2008-09-13', '18:13:00', 3),
(60749, 60673, '2008-09-13', '18:19:43', 4),
(60773, 60673, '2008-09-13', '19:03:17', 1),
(60796, 60673, '2008-09-13', '19:46:10', 7),
(61182, 60673, '2008-09-14', '07:25:29', 0),
(61187, 60673, '2008-09-14', '07:35:47', 3),
(61273, 60673, '2008-09-14', '11:09:29', 5),
(64902, 60673, '2008-09-15', '17:25:57', 1),
(64984, 60673, '2008-09-15', '17:35:45', 2),
(65279, 60673, '2008-09-15', '18:11:48', 1),
(70111, 60673, '2008-09-16', '07:39:10', 1),
(70220, 60673, '2008-09-16', '07:57:12', 0),
(70260, 60673, '2008-09-16', '08:07:15', 1),
(181235, 60673, '2008-10-08', '03:31:19', 1),
(24837894, 60673, '2014-07-19', '07:30:10', 0),
(75166, 71277, '2008-09-16', '18:03:34', 3),
(111911, 71277, '2008-09-21', '19:58:05', 0),
(184105, 71277, '2008-10-08', '18:19:20', 1),
(97174, 97114, '2008-09-18', '21:27:15', 2),
(97227, 97114, '2008-09-18', '21:34:16', 1),
(97245, 97114, '2008-09-18', '21:36:12', 0),
(97248, 97114, '2008-09-18', '21:36:26', 1),
(97318, 97114, '2008-09-18', '21:44:19', 3),
(102440, 97114, '2008-09-19', '14:48:57', 1),
(119121, 119114, '2008-09-23', '04:24:30', 2),
(119127, 119114, '2008-09-23', '04:25:23', 1),
(119148, 119114, '2008-09-23', '04:32:42', 6),
(121330, 119114, '2008-09-23', '14:27:50', 3),
(286838, 286826, '2008-11-13', '12:53:18', 2),
(287222, 286826, '2008-11-13', '15:22:46', 3),
(287392, 287379, '2008-11-13', '16:21:59', 4),
(287393, 287379, '2008-11-13', '16:22:24', 0),
(287395, 287379, '2008-11-13', '16:23:07', 8),
(287405, 287379, '2008-11-13', '16:25:25', 12),
(287521, 287379, '2008-11-13', '17:02:13', 14),
(296185, 296147, '2008-11-17', '17:06:51', 4),
(296215, 296147, '2008-11-17', '17:13:51', 3),
(329072, 329043, '2008-11-30', '17:04:37', 55),
(10847898, 329043, '2012-06-01', '09:39:20', 0),
(367430, 367368, '2008-12-15', '03:50:21', 111),
(478912, 367368, '2009-01-26', '05:36:57', 82),
(1384658, 367368, '2009-09-06', '01:27:52', 2),
(2692796, 367368, '2010-04-22', '16:50:25', 1),
(3664522, 367368, '2010-09-08', '03:49:42', 0),
(8793346, 367368, '2012-01-09', '18:34:07', 33),
(8949373, 367368, '2012-01-20', '23:51:54', 4),
(408918, 408908, '2009-01-03', '11:10:11', 21),
(408920, 408908, '2009-01-03', '11:10:48', 2),
(408923, 408908, '2009-01-03', '11:13:55', 4),
(408937, 408908, '2009-01-03', '11:24:38', 5),
(411279, 408908, '2009-01-04', '17:04:53', 1),
(410873, 410865, '2009-01-04', '11:49:09', 1),
(410929, 410865, '2009-01-04', '12:37:28', 5),
(410996, 410865, '2009-01-04', '13:48:11', 1),
(411168, 410865, '2009-01-04', '15:47:34', 5),
(440525, 440364, '2009-01-13', '19:53:54', 6),
(440539, 440364, '2009-01-13', '19:58:21', 3),
(440582, 440364, '2009-01-13', '20:08:36', 4),
(443773, 440364, '2009-01-14', '16:55:37', 1),
(450969, 440364, '2009-01-16', '16:15:51', 1),
(3217383, 440364, '2010-07-10', '01:03:21', 1),
(443615, 443586, '2009-01-14', '16:19:28', 8),
(443622, 443586, '2009-01-14', '16:21:18', 1),
(443624, 443586, '2009-01-14', '16:21:32', 1),
(443628, 443586, '2009-01-14', '16:22:13', 0),
(443643, 443586, '2009-01-14', '16:25:55', 0),
(443666, 443586, '2009-01-14', '16:32:10', 3),
(443761, 443586, '2009-01-14', '16:51:04', 2),
(480207, 479979, '2009-01-26', '15:40:39', 97),
(1804854, 479979, '2009-11-26', '17:17:47', 9),
(8093178, 479979, '2011-11-11', '11:15:29', 0),
(17147035, 479979, '2013-06-17', '12:02:27', 1),
(480253, 480248, '2009-01-26', '15:54:03', 12),
(480355, 480248, '2009-01-26', '16:20:21', 11),
(480422, 480248, '2009-01-26', '16:35:43', 1),
(480491, 480248, '2009-01-26', '16:54:15', -2),
(12229181, 480248, '2012-09-01', '15:47:40', 1),
(14905549, 480248, '2013-02-16', '00:26:35', 5),
(508349, 507225, '2009-02-03', '18:37:26', 5),
(850461, 507225, '2009-05-11', '22:56:44', 2),
(525313, 525283, '2009-02-08', '07:09:13', 16),
(525338, 525283, '2009-02-08', '07:36:21', 2),
(525341, 525283, '2009-02-08', '07:37:46', 3),
(532592, 525283, '2009-02-10', '14:39:57', 1),
(17218371, 525283, '2013-06-20', '15:58:53', 2),
(559926, 559881, '2009-02-18', '05:11:51', 4),
(559952, 559881, '2009-02-18', '05:26:39', 1),
(560105, 559881, '2009-02-18', '07:05:45', 1),
(560044, 560040, '2009-02-18', '06:30:22', 21),
(560045, 560040, '2009-02-18', '06:31:23', 3),
(561338, 560040, '2009-02-18', '14:47:12', 16),
(563187, 560040, '2009-02-18', '22:43:46', 4),
(5320530, 560040, '2011-03-16', '02:53:03', 7),
(6420277, 560040, '2011-06-21', '04:16:17', 0),
(568299, 568268, '2009-02-20', '04:45:14', 3),
(653216, 653205, '2009-03-17', '06:48:47', 0),
(904762, 904745, '2009-05-24', '22:09:27', 7),
(904763, 904745, '2009-05-24', '22:10:08', 7),
(904915, 904745, '2009-05-25', '00:07:28', 5),
(3151456, 904745, '2010-06-30', '16:46:41', 0),
(932351, 932344, '2009-05-31', '16:09:54', 2),
(932391, 932344, '2009-05-31', '16:29:05', 1),
(984687, 932344, '2009-06-12', '01:54:58', 2),
(941716, 941669, '2009-06-02', '20:25:28', 5),
(941746, 941669, '2009-06-02', '20:31:32', 0),
(941818, 941669, '2009-06-02', '20:45:05', 1),
(941916, 941669, '2009-06-02', '21:04:10', 0),
(942043, 941669, '2009-06-02', '21:41:30', 1),
(957555, 957495, '2009-06-05', '19:04:13', 16),
(970134, 970017, '2009-06-09', '13:35:44', 9),
(970152, 970017, '2009-06-09', '13:38:22', 3),
(1001326, 1001307, '2009-06-16', '13:00:03', 5),
(1001327, 1001307, '2009-06-16', '13:00:05', 14),
(1001328, 1001307, '2009-06-16', '13:00:37', 46),
(1001329, 1001307, '2009-06-16', '13:00:52', 0),
(1001330, 1001307, '2009-06-16', '13:00:53', 64),
(1001333, 1001307, '2009-06-16', '13:01:09', 1),
(1001338, 1001307, '2009-06-16', '13:02:25', 1),
(1001344, 1001307, '2009-06-16', '13:03:53', 7),
(1001367, 1001307, '2009-06-16', '13:06:54', 4),
(1001373, 1001307, '2009-06-16', '13:08:04', 131),
(1001523, 1001307, '2009-06-16', '13:36:04', 23),
(1001952, 1001307, '2009-06-16', '14:44:48', 2),
(1002985, 1001307, '2009-06-16', '17:55:05', 0),
(1022302, 1001307, '2009-06-20', '19:15:07', 13),
(5877438, 1001307, '2011-05-04', '01:11:06', 17),
(12688372, 1001307, '2012-10-02', '10:10:30', 3),
(12867287, 1001307, '2012-10-12', '21:22:12', 6),
(13552171, 1001307, '2012-11-25', '14:56:32', 0),
(13552709, 1001307, '2012-11-25', '15:58:47', 4),
(19380353, 1001307, '2013-10-15', '11:41:56', 0),
(23774099, 1001307, '2014-05-21', '04:43:39', 3),
(26083182, 1001307, '2014-09-28', '08:46:33', 0),
(28512009, 1001307, '2015-02-14', '03:10:03', 1),
(29721618, 1001307, '2015-04-18', '19:08:44', 1),
(32513998, 1001307, '2015-09-11', '01:14:27', 3),
(38141476, 1001307, '2016-07-01', '09:11:07', 0),
(42297419, 1001307, '2017-02-17', '11:58:49', 0),
(1015241, 1015207, '2009-06-18', '21:20:30', 9),
(1015245, 1015207, '2009-06-18', '21:21:19', 5),
(1015246, 1015207, '2009-06-18', '21:21:20', 0),
(1015273, 1015207, '2009-06-18', '21:27:12', 0),
(1015274, 1015207, '2009-06-18', '21:27:24', 1),
(1015275, 1015207, '2009-06-18', '21:27:29', 2),
(1113670, 1113666, '2009-07-11', '13:01:03', 10),
(1113676, 1113666, '2009-07-11', '13:03:54', 10),
(1113711, 1113666, '2009-07-11', '13:24:16', -3),
(1113712, 1113666, '2009-07-11', '13:24:21', 4),
(1213594, 1213576, '2009-07-31', '16:38:11', 22),
(27223291, 1213576, '2014-12-01', '07:06:14', 1),
(1221440, 1221343, '2009-08-03', '09:36:12', 10),
(19164234, 1221343, '2013-10-03', '16:21:03', 6),
(1232918, 1232246, '2009-08-05', '12:24:22', 3),
(1233148, 1232246, '2009-08-05', '13:07:44', 5),
(2068400, 1232246, '2010-01-14', '23:48:33', 1),
(17740754, 1232246, '2013-07-19', '07:46:54', 4),
(1399250, 1245478, '2009-09-09', '11:58:09', 1),
(1259517, 1259502, '2009-08-11', '10:23:27', 1),
(1269476, 1269452, '2009-08-13', '00:40:36', 0),
(1269478, 1269452, '2009-08-13', '00:41:41', -3),
(1269479, 1269452, '2009-08-13', '00:42:06', 5),
(1269482, 1269452, '2009-08-13', '00:44:23', 1),
(1269497, 1269452, '2009-08-13', '00:49:04', 0),
(1269658, 1269452, '2009-08-13', '02:02:03', 3),
(1272745, 1269452, '2009-08-13', '15:33:59', 3),
(1294559, 1293585, '2009-08-18', '15:16:36', 3),
(1716457, 1293585, '2009-11-11', '16:39:03', 0),
(1302966, 1297306, '2009-08-19', '22:29:07', 3),
(29556382, 1297306, '2015-04-10', '08:07:43', 1),
(1311565, 1311559, '2009-08-21', '12:06:59', 5),
(1311573, 1311559, '2009-08-21', '12:08:49', 1),
(1311588, 1311559, '2009-08-21', '12:12:44', 0),
(1311595, 1311559, '2009-08-21', '12:13:45', 3),
(1311803, 1311559, '2009-08-21', '13:02:31', 0),
(1358193, 1358159, '2009-08-31', '16:18:45', 0),
(1439617, 1439607, '2009-09-17', '15:33:22', 6),
(1439670, 1439607, '2009-09-17', '15:42:51', 29),
(1439846, 1439607, '2009-09-17', '16:15:59', 3),
(1441783, 1439607, '2009-09-17', '23:10:00', 1),
(32751800, 1439607, '2015-09-24', '01:04:21', 0),
(1441965, 1440728, '2009-09-18', '00:05:38', 0),
(2652199, 1440728, '2010-04-16', '10:33:51', 6),
(1464838, 1464824, '2009-09-23', '09:02:05', 19),
(1464839, 1464824, '2009-09-23', '09:02:19', 3),
(1464856, 1464824, '2009-09-23', '09:06:43', 2),
(1464880, 1464824, '2009-09-23', '09:13:39', 2),
(1473662, 1473636, '2009-09-24', '19:20:27', 3),
(1473675, 1473636, '2009-09-24', '19:22:24', -1),
(1675696, 1508856, '2009-11-04', '18:20:01', 0),
(1676134, 1508856, '2009-11-04', '19:44:37', 3),
(6933555, 1508856, '2011-08-03', '21:30:18', 1),
(1519071, 1519060, '2009-10-05', '09:37:38', 0),
(1519077, 1519060, '2009-10-05', '09:38:25', 0),
(1667547, 1519060, '2009-11-03', '14:12:09', 2),
(2094988, 1519060, '2010-01-19', '16:22:24', 6),
(8212364, 1519060, '2011-11-21', '13:11:21', 1),
(10990543, 1519060, '2012-06-12', '04:27:10', 0),
(1538201, 1535314, '2009-10-08', '14:32:21', 1),
(1797871, 1535314, '2009-11-25', '15:52:35', 1),
(1596935, 1596726, '2009-10-20', '19:57:37', 0),
(1655963, 1655937, '2009-10-31', '23:55:51', 1),
(4243613, 1655937, '2010-11-22', '08:34:21', 0),
(1709944, 1709850, '2009-11-10', '18:01:25', 2),
(6181034, 1709850, '2011-05-30', '21:51:28', 1),
(1716008, 1715989, '2009-11-11', '15:38:14', 1),
(1716197, 1715989, '2009-11-11', '16:07:02', 1),
(1819325, 1819309, '2009-11-30', '11:43:10', 0),
(1850664, 1850636, '2009-12-05', '00:59:23', 4),
(1850669, 1850636, '2009-12-05', '00:59:38', 3),
(1921061, 1920992, '2009-12-17', '11:15:29', 3),
(1921076, 1920992, '2009-12-17', '11:19:11', 0),
(1966590, 1966577, '2009-12-27', '18:04:37', 3),
(1966593, 1966577, '2009-12-27', '18:05:05', 2),
(1966834, 1966577, '2009-12-27', '19:47:35', 1),
(1967118, 1966577, '2009-12-27', '21:39:51', 0),
(1977456, 1977433, '2009-12-29', '22:58:05', 6),
(1977787, 1977433, '2009-12-30', '00:28:10', 6),
(1981249, 1981212, '2009-12-30', '17:08:08', 5),
(2027480, 2027457, '2010-01-08', '12:21:21', 5),
(2027485, 2027457, '2010-01-08', '12:22:20', 3),
(2072900, 2072716, '2010-01-15', '16:00:30', 3),
(2128950, 2128875, '2010-01-24', '21:31:33', 2),
(2129031, 2128875, '2010-01-24', '21:49:15', 4),
(2153131, 2153105, '2010-01-28', '08:16:40', 3),
(2153162, 2153105, '2010-01-28', '08:26:41', 0),
(2153236, 2153105, '2010-01-28', '08:46:35', 5),
(2229952, 2153105, '2010-02-09', '14:57:49', 1),
(2253781, 2253747, '2010-02-12', '17:33:45', 0),
(2253792, 2253747, '2010-02-12', '17:35:55', 6),
(2253827, 2253747, '2010-02-12', '17:42:11', 2),
(2253964, 2253747, '2010-02-12', '18:02:31', 0),
(2265600, 2265566, '2010-02-15', '11:37:38', 7),
(2323434, 2323213, '2010-02-24', '03:13:38', 1),
(2338872, 2338841, '2010-02-26', '01:10:00', 9),
(2338892, 2338841, '2010-02-26', '01:15:40', 1),
(2339068, 2338841, '2010-02-26', '02:10:53', 1),
(2339090, 2338841, '2010-02-26', '02:17:42', 1),
(2341944, 2338841, '2010-02-26', '13:37:46', 0),
(2355335, 2355300, '2010-03-01', '11:08:56', 4),
(2355578, 2355300, '2010-03-01', '12:02:08', 2),
(2406137, 2406117, '2010-03-09', '01:51:37', 2),
(2407289, 2406117, '2010-03-09', '07:28:07', 1),
(2407335, 2406117, '2010-03-09', '07:38:05', 0),
(2408924, 2408890, '2010-03-09', '12:23:32', 5),
(2415986, 2408890, '2010-03-10', '10:08:24', 1),
(2416135, 2408890, '2010-03-10', '10:36:23', 1),
(2410426, 2410301, '2010-03-09', '16:01:36', 6),
(34316516, 2410301, '2015-12-16', '15:56:52', 1),
(2411833, 2411809, '2010-03-09', '19:14:07', 2),
(2411868, 2411809, '2010-03-09', '19:18:12', 4),
(2411891, 2411809, '2010-03-09', '19:22:35', 4),
(2420127, 2411809, '2010-03-10', '20:01:16', 0),
(2453885, 2452220, '2010-03-16', '11:27:14', 3),
(2455329, 2452220, '2010-03-16', '14:48:04', 2),
(2461369, 2460787, '2010-03-17', '10:16:35', 6),
(2462500, 2460787, '2010-03-17', '13:23:33', 7),
(2466851, 2460787, '2010-03-18', '00:21:12', 1),
(2506644, 2506632, '2010-03-24', '09:53:44', 14),
(2506654, 2506632, '2010-03-24', '09:56:06', 4),
(2506655, 2506632, '2010-03-24', '09:56:13', 4),
(2506797, 2506632, '2010-03-24', '10:19:36', 2),
(2605113, 2518339, '2010-04-09', '04:38:20', -2),
(2520330, 2519978, '2010-03-26', '00:04:20', 0),
(2549725, 2549167, '2010-03-31', '00:53:51', 2),
(2551737, 2549167, '2010-03-31', '09:27:50', 6),
(2581426, 2581375, '2010-04-05', '21:54:38', 3),
(2581553, 2581375, '2010-04-05', '22:27:43', 2),
(2581660, 2581375, '2010-04-05', '22:52:56', 1),
(2582259, 2581375, '2010-04-06', '02:06:19', 0),
(2654911, 2654718, '2010-04-16', '17:16:03', 0),
(2818966, 2654718, '2010-05-12', '13:00:29', 0),
(2919547, 2654718, '2010-05-27', '08:30:59', 0),
(29647558, 2654718, '2015-04-15', '10:14:56', 1),
(2695370, 2695364, '2010-04-23', '00:05:11', 6),
(2695371, 2695364, '2010-04-23', '00:05:28', 0),
(2695378, 2695364, '2010-04-23', '00:07:41', 2),
(2695407, 2695364, '2010-04-23', '00:14:48', 1),
(2736993, 2736411, '2010-04-29', '11:49:52', 9),
(4070290, 2736411, '2010-11-01', '15:25:36', 22),
(11235586, 2736411, '2012-06-27', '22:18:48', 4),
(15118569, 2736411, '2013-02-27', '17:36:26', 0),
(2755661, 2755470, '2010-05-03', '00:52:39', 4),
(22021591, 2755470, '2014-02-25', '17:22:46', 1),
(2779795, 2770890, '2010-05-06', '09:02:14', 2),
(2820852, 2820808, '2010-05-12', '16:34:53', -1),
(2820873, 2820808, '2010-05-12', '16:38:22', 6),
(2820885, 2820808, '2010-05-12', '16:39:50', 2),
(2830971, 2830957, '2010-05-13', '23:33:10', 4),
(2831063, 2830957, '2010-05-14', '00:03:55', 0),
(2842566, 2842560, '2010-05-16', '04:13:21', 6),
(2855659, 2855629, '2010-05-18', '08:36:51', 9),
(2855669, 2855629, '2010-05-18', '08:39:21', 1),
(2934877, 2855629, '2010-05-29', '11:47:41', 4),
(29265689, 2855629, '2015-03-25', '20:17:05', 1),
(2916256, 2916239, '2010-05-26', '19:51:05', 0),
(2916265, 2916239, '2010-05-26', '19:51:43', 2),
(2916266, 2916239, '2010-05-26', '19:51:51', 7),
(2916289, 2916239, '2010-05-26', '19:54:56', 1),
(2916383, 2916239, '2010-05-26', '20:09:36', 0),
(2928835, 2923210, '2010-05-28', '12:15:18', 108),
(4457508, 2923210, '2010-12-16', '04:44:41', 40),
(7888576, 2923210, '2011-10-25', '11:29:40', 2),
(7985047, 2923210, '2011-11-02', '17:56:56', 2),
(12737781, 2923210, '2012-10-05', '00:14:08', 12),
(28757124, 2923210, '2015-02-27', '03:39:28', 3),
(2940459, 2940437, '2010-05-30', '21:42:55', 7),
(2940463, 2940437, '2010-05-30', '21:43:41', 2),
(2940482, 2940437, '2010-05-30', '21:48:50', 8),
(2940483, 2940437, '2010-05-30', '21:49:26', 0),
(2940485, 2940437, '2010-05-30', '21:49:45', 0),
(2940534, 2940437, '2010-05-30', '22:13:32', 0),
(2940847, 2940437, '2010-05-31', '00:31:45', 5),
(34567734, 2940437, '2016-01-02', '15:54:05', 0),
(2951437, 2950978, '2010-06-01', '16:15:41', 2),
(3284021, 2950978, '2010-07-19', '18:48:53', 0),
(2951200, 2951128, '2010-06-01', '15:49:48', 17),
(4509854, 2951128, '2010-12-22', '13:56:01', 94),
(6668136, 2951128, '2011-07-12', '17:06:27', -7),
(8865615, 2951128, '2012-01-14', '21:48:21', 55),
(17041168, 2951128, '2013-06-11', '09:47:41', 6),
(30330886, 2951128, '2015-05-19', '16:13:21', 3),
(5782010, 2955842, '2011-04-25', '19:01:28', 1),
(3076093, 3076048, '2010-06-19', '15:50:51', 3),
(3076127, 3076048, '2010-06-19', '15:59:11', 2),
(3076463, 3076048, '2010-06-19', '17:12:34', 3),
(3077887, 3076048, '2010-06-20', '01:31:26', 6),
(38898198, 3076048, '2016-08-11', '13:47:14', 1),
(38898906, 3076048, '2016-08-11', '14:16:26', 0),
(3084947, 3084443, '2010-06-21', '13:15:12', 11),
(3101628, 3101610, '2010-06-23', '12:38:53', 0),
(3107660, 3101610, '2010-06-24', '06:26:53', 0),
(16736384, 3101610, '2013-05-24', '13:41:08', 0),
(3126224, 3121920, '2010-06-27', '02:57:44', 25),
(5188304, 3121920, '2011-03-04', '00:24:07', 1),
(9721589, 3121920, '2012-03-15', '14:17:46', 1),
(25531554, 3121920, '2014-08-27', '15:45:56', 2),
(26113937, 3121920, '2014-09-30', '06:12:58', 0),
(31334315, 3121920, '2015-07-10', '06:53:56', 0),
(3130040, 3129916, '2010-06-28', '04:19:22', -1),
(3130371, 3129916, '2010-06-28', '06:06:15', 29),
(3190519, 3189189, '2010-07-06', '21:53:18', 4),
(3191698, 3191402, '2010-07-07', '03:30:59', 1),
(3197055, 3195518, '2010-07-07', '16:55:23', 0),
(3266573, 3195518, '2010-07-16', '15:44:29', 0),
(3331635, 3195518, '2010-07-26', '00:45:15', 1),
(4677951, 3195518, '2011-01-13', '08:09:12', 2),
(3214266, 3212101, '2010-07-09', '15:46:17', 6),
(3263197, 3263155, '2010-07-16', '08:37:58', 1),
(3263313, 3263155, '2010-07-16', '08:55:51', 1),
(3304761, 3286512, '2010-07-21', '23:49:23', 3),
(3311436, 3311390, '2010-07-22', '17:08:55', 12),
(3311444, 3311390, '2010-07-22', '17:09:32', 0),
(3311451, 3311390, '2010-07-22', '17:10:03', 1),
(3311472, 3311390, '2010-07-22', '17:12:13', 0),
(3311488, 3311390, '2010-07-22', '17:13:53', 12),
(3321378, 3321155, '2010-07-23', '18:48:27', 3),
(3322908, 3321155, '2010-07-23', '22:44:09', 2),
(3325951, 3321155, '2010-07-24', '16:49:30', 2),
(3366578, 3366535, '2010-07-29', '20:16:26', 4),
(3435496, 3366535, '2010-08-08', '18:21:48', 0),
(3416109, 3407066, '2010-08-05', '15:05:24', 0),
(3408531, 3408340, '2010-08-04', '18:22:22', 1),
(3731059, 3408340, '2010-09-16', '21:42:23', 0),
(3441221, 3441178, '2010-08-09', '14:50:28', 4),
(4871168, 3441178, '2011-02-02', '05:43:11', 0),
(3456811, 3456738, '2010-08-11', '08:57:32', 0),
(3457438, 3456738, '2010-08-11', '10:36:12', 0),
(3461692, 3456738, '2010-08-11', '18:39:21', 2),
(26066125, 3456738, '2014-09-26', '18:31:56', 0),
(3614941, 3614894, '2010-09-01', '03:57:01', 7),
(3683884, 3683441, '2010-09-10', '10:29:58', 0),
(3691068, 3691018, '2010-09-11', '12:58:15', 4),
(3691586, 3691018, '2010-09-11', '15:41:36', 1),
(3734401, 3734305, '2010-09-17', '10:09:43', 0),
(3786860, 3786827, '2010-09-24', '12:04:41', 20),
(3786868, 3786827, '2010-09-24', '12:05:50', 1),
(3786883, 3786827, '2010-09-24', '12:07:22', 1),
(3786886, 3786827, '2010-09-24', '12:07:37', 6),
(3787571, 3786827, '2010-09-24', '13:29:03', 5),
(3787634, 3786827, '2010-09-24', '13:36:17', 0),
(23037131, 3786827, '2014-04-12', '22:57:29', 0),
(3806790, 3806738, '2010-09-27', '18:45:22', 2),
(3806797, 3806738, '2010-09-27', '18:47:02', 0),
(3806853, 3806738, '2010-09-27', '18:53:43', 0),
(3842608, 3842590, '2010-10-01', '19:57:27', 16),
(3842613, 3842590, '2010-10-01', '19:57:50', 25),
(3894194, 3894079, '2010-10-08', '20:47:04', 4),
(3894316, 3894079, '2010-10-08', '21:09:22', 1),
(3942191, 3942174, '2010-10-15', '12:26:25', 1),
(3942193, 3942174, '2010-10-15', '12:26:33', 5),
(35553928, 3942174, '2016-02-22', '12:38:02', 1),
(3947381, 3944207, '2010-10-16', '02:13:44', 10),
(3964329, 3963989, '2010-10-18', '23:39:26', 0),
(3964383, 3963989, '2010-10-18', '23:51:06', 2),
(3965890, 3963989, '2010-10-19', '06:39:01', 3),
(3968715, 3968628, '2010-10-19', '13:15:40', 0),
(4841309, 3968628, '2011-01-30', '05:17:15', 1),
(3995075, 3994878, '2010-10-22', '08:27:07', 6),
(4129083, 4128974, '2010-11-08', '23:21:11', 0),
(4377014, 4128974, '2010-12-07', '13:20:18', 1),
(4168863, 4168825, '2010-11-12', '20:37:45', 2),
(4168885, 4168825, '2010-11-12', '20:42:04', 10),
(11239345, 4168825, '2012-06-28', '06:45:57', 0),
(4208357, 4202566, '2010-11-17', '19:33:09', 0),
(4209908, 4202566, '2010-11-17', '22:40:22', 0),
(4247073, 4247022, '2010-11-22', '15:34:13', 4),
(4247130, 4247022, '2010-11-22', '15:37:46', 1),
(4247146, 4247022, '2010-11-22', '15:39:30', 1),
(4247201, 4247022, '2010-11-22', '15:43:42', 1),
(4247203, 4247022, '2010-11-22', '15:43:44', 1),
(4247775, 4247022, '2010-11-22', '16:38:24', 0),
(4349965, 4247022, '2010-12-03', '21:20:05', 0),
(4351243, 4350764, '2010-12-04', '00:48:13', 0),
(4355277, 4350764, '2010-12-04', '19:07:04', 1),
(4833617, 4350764, '2011-01-28', '22:20:02', 5),
(4838334, 4350764, '2011-01-29', '17:33:03', 1),
(5320255, 4350764, '2011-03-16', '02:04:56', 7),
(4368089, 4367988, '2010-12-06', '15:44:56', 11),
(4416426, 4416415, '2010-12-11', '11:12:36', 0),
(4416429, 4416415, '2010-12-11', '11:13:30', 5),
(4441512, 4441397, '2010-12-14', '16:30:23', 0),
(4441540, 4441397, '2010-12-14', '16:32:41', 0),
(4441597, 4441397, '2010-12-14', '16:36:34', 11),
(4469661, 4469645, '2010-12-17', '10:39:57', -4),
(4469735, 4469645, '2010-12-17', '10:48:07', 2),
(4469745, 4469645, '2010-12-17', '10:49:12', 7),
(4469752, 4469645, '2010-12-17', '10:49:47', 1),
(4469757, 4469645, '2010-12-17', '10:50:19', 0),
(4470166, 4469645, '2010-12-17', '11:52:21', 0),
(4470243, 4469645, '2010-12-17', '12:01:37', 1),
(4473825, 4469645, '2010-12-17', '18:52:49', 1),
(4473969, 4473632, '2010-12-17', '19:11:44', 6),
(4506491, 4506299, '2010-12-22', '05:40:23', 1),
(4526126, 4526113, '2010-12-24', '11:47:46', 28),
(4526154, 4526113, '2010-12-24', '11:53:09', 5),
(4526352, 4526113, '2010-12-24', '12:35:55', 13),
(20797501, 4526113, '2013-12-27', '08:41:09', 4),
(29182428, 4526113, '2015-03-21', '11:58:20', 3),
(37493604, 4526113, '2016-05-27', '23:21:43', 2),
(4581744, 4581700, '2011-01-03', '02:38:05', 1),
(4581793, 4581700, '2011-01-03', '02:56:16', 2),
(4582353, 4581700, '2011-01-03', '05:56:23', 2),
(4597189, 4597172, '2011-01-04', '18:47:44', 2),
(4633931, 4633879, '2011-01-08', '12:49:21', 4),
(4633990, 4633879, '2011-01-08', '13:02:28', 2),
(4686342, 4686283, '2011-01-13', '23:02:01', 7),
(4686348, 4686283, '2011-01-13', '23:02:17', 2),
(4704592, 4704092, '2011-01-16', '09:13:12', 2),
(4706054, 4704092, '2011-01-16', '15:03:04', 0),
(5357973, 4704092, '2011-03-18', '21:24:09', 0),
(4764133, 4764031, '2011-01-21', '21:46:17', 2),
(4764138, 4764031, '2011-01-21', '21:46:27', 6),
(4779628, 4779611, '2011-01-24', '07:33:50', 6),
(4792326, 4779611, '2011-01-25', '10:24:15', 1),
(4793789, 4793122, '2011-01-25', '12:56:33', 1),
(4868358, 4868227, '2011-02-01', '21:50:55', 1),
(4868371, 4868227, '2011-02-01', '21:52:32', 4),
(4868382, 4868227, '2011-02-01', '21:54:01', 1),
(4868471, 4868227, '2011-02-01', '22:03:00', 1),
(4870199, 4868227, '2011-02-02', '02:26:39', 1),
(4890153, 4890095, '2011-02-03', '18:30:04', 14),
(4890269, 4890095, '2011-02-03', '18:41:02', 6),
(4969896, 4969867, '2011-02-11', '14:03:50', 2),
(6217145, 4969867, '2011-06-02', '16:10:20', 3),
(4979682, 4979560, '2011-02-12', '18:06:23', 0),
(5013132, 5013002, '2011-02-16', '06:19:55', 4),
(10866206, 5013002, '2012-06-02', '21:48:21', 4),
(36624820, 5013002, '2016-04-14', '13:36:13', 0),
(5521807, 5040995, '2011-04-02', '07:17:00', 1),
(5046250, 5046159, '2011-02-18', '20:32:44', 0),
(5046375, 5046159, '2011-02-18', '20:46:21', 1),
(5046480, 5046159, '2011-02-18', '20:55:41', 0),
(5046671, 5046159, '2011-02-18', '21:18:10', 2),
(5090674, 5090605, '2011-02-23', '12:06:35', 3),
(5184684, 5090605, '2011-03-03', '18:09:56', 0),
(5186493, 5090605, '2011-03-03', '21:01:48', 0),
(5117005, 5116977, '2011-02-25', '12:04:34', 51),
(5117008, 5116977, '2011-02-25', '12:04:55', 7),
(5117016, 5116977, '2011-02-25', '12:05:27', 2),
(8570515, 5116977, '2011-12-20', '03:41:34', 2),
(5128025, 5127970, '2011-02-26', '16:12:02', 2),
(5128030, 5127970, '2011-02-26', '16:12:44', 2),
(5197217, 5127970, '2011-03-04', '17:34:10', 2),
(5203277, 5127970, '2011-03-05', '10:39:32', 0),
(20205135, 5127970, '2013-11-25', '22:53:18', 0),
(20349480, 5127970, '2013-12-03', '11:08:59', 1),
(5177434, 5176929, '2011-03-03', '06:28:10', 20),
(5182909, 5176929, '2011-03-03', '15:37:19', 1),
(5184620, 5176929, '2011-03-03', '18:02:46', 1),
(5200404, 5200281, '2011-03-04', '23:26:44', 1),
(5204046, 5204037, '2011-03-05', '13:21:16', 1),
(5295482, 5295442, '2011-03-14', '06:33:07', 1),
(5295515, 5295442, '2011-03-14', '06:37:58', 1),
(5296075, 5295442, '2011-03-14', '08:00:53', 1),
(5320403, 5295442, '2011-03-16', '02:30:43', 0),
(7039250, 5295442, '2011-08-12', '11:10:40', 0),
(5305729, 5305717, '2011-03-14', '23:10:37', 1),
(5305767, 5305717, '2011-03-14', '23:14:16', 2),
(5305855, 5305717, '2011-03-14', '23:30:04', 1),
(5308155, 5308110, '2011-03-15', '06:17:00', 3),
(5308158, 5308110, '2011-03-15', '06:17:11', 3),
(5308162, 5308110, '2011-03-15', '06:17:33', 11),
(5308164, 5308110, '2011-03-15', '06:18:04', 0),
(5330747, 5330590, '2011-03-16', '19:32:57', 4),
(5330748, 5330590, '2011-03-16', '19:33:02', 6),
(5463790, 5330590, '2011-03-28', '19:05:16', 0),
(8781104, 5330590, '2012-01-08', '20:40:19', 0),
(5349908, 5349812, '2011-03-18', '09:04:54', 1),
(5349919, 5349812, '2011-03-18', '09:05:57', 1),
(5350506, 5349812, '2011-03-18', '10:12:25', 0),
(5350660, 5349812, '2011-03-18', '10:26:52', 1),
(5350767, 5349812, '2011-03-18', '10:37:20', 1),
(5351137, 5349812, '2011-03-18', '11:13:20', 2),
(5403225, 5402974, '2011-03-23', '09:38:42', 5),
(5404612, 5402974, '2011-03-23', '11:35:44', 0),
(5405067, 5402974, '2011-03-23', '12:13:52', 8),
(5486242, 5478241, '2011-03-30', '12:28:34', 1),
(11252489, 5478241, '2012-06-28', '20:35:20', 1),
(5540984, 5540884, '2011-04-04', '15:47:22', 1),
(5544643, 5540884, '2011-04-04', '21:37:03', 0),
(5544655, 5540884, '2011-04-04', '21:37:51', 2),
(5557610, 5557474, '2011-04-05', '19:46:51', 12),
(6749567, 5559317, '2011-07-19', '15:17:13', 3),
(6361294, 5566135, '2011-06-15', '16:48:29', 1),
(5566600, 5566482, '2011-04-06', '12:48:59', 4),
(5566614, 5566482, '2011-04-06', '12:49:39', -2),
(5601632, 5601581, '2011-04-08', '23:04:48', 4),
(5601641, 5601581, '2011-04-08', '23:06:17', 1),
(5601871, 5601581, '2011-04-08', '23:48:12', 1),
(5613657, 5613637, '2011-04-10', '17:59:07', 11),
(5613778, 5613637, '2011-04-10', '18:21:00', 1),
(5741892, 5706921, '2011-04-21', '09:06:37', 3),
(5795408, 5795354, '2011-04-26', '19:26:17', 4),
(5795444, 5795354, '2011-04-26', '19:30:15', 0),
(5795476, 5795354, '2011-04-26', '19:34:02', 0),
(5796044, 5795920, '2011-04-26', '20:26:28', 3),
(5796090, 5795920, '2011-04-26', '20:30:42', 1),
(5861032, 5860645, '2011-05-02', '18:41:34', 1),
(6975379, 5879809, '2011-08-07', '19:53:23', 1),
(5971052, 5970951, '2011-05-11', '21:51:47', 9),
(6053022, 6052896, '2011-05-19', '02:05:17', 2),
(6053693, 6052896, '2011-05-19', '04:15:39', 1),
(6090769, 6090716, '2011-05-22', '21:02:51', 0),
(6090923, 6090716, '2011-05-22', '21:32:36', 2),
(6097455, 6097212, '2011-05-23', '12:53:32', 3),
(6100960, 6100871, '2011-05-23', '17:54:40', 7),
(6101089, 6100871, '2011-05-23', '18:06:38', 17),
(7260713, 6100871, '2011-08-31', '17:05:02', 0),
(17433252, 6100871, '2013-07-02', '18:36:12', 2),
(6158851, 6105872, '2011-05-28', '00:24:45', 0),
(6200566, 6200488, '2011-06-01', '11:44:33', 1),
(6200748, 6200488, '2011-06-01', '11:58:16', 3),
(6201738, 6200488, '2011-06-01', '13:16:09', 0),
(6232250, 6232144, '2011-06-03', '20:22:42', 1),
(6232766, 6232144, '2011-06-03', '21:14:52', 9),
(6258936, 6258775, '2011-06-06', '22:55:48', 0),
(6259303, 6258775, '2011-06-06', '23:49:59', 0),
(6298872, 6298830, '2011-06-09', '20:31:31', 11),
(6298946, 6298830, '2011-06-09', '20:39:12', 11),
(6299464, 6298830, '2011-06-09', '21:22:00', 0),
(21578632, 6298830, '2014-02-05', '13:25:32', 3),
(38203389, 6298830, '2016-07-05', '12:23:49', 1),
(6313654, 6306825, '2011-06-11', '02:16:57', 1),
(6310650, 6310609, '2011-06-10', '18:37:39', 2),
(6310719, 6310609, '2011-06-10', '18:43:45', 1),
(15167478, 6310609, '2013-03-01', '21:53:21', 0),
(6338280, 6338244, '2011-06-14', '01:49:27', 2),
(6338293, 6338244, '2011-06-14', '01:51:53', 2),
(6338305, 6338244, '2011-06-14', '01:54:05', 6),
(6492633, 6492581, '2011-06-27', '12:09:56', 15),
(6493417, 6492581, '2011-06-27', '13:15:22', 5),
(6493451, 6492581, '2011-06-27', '13:18:01', 8),
(6510330, 6509996, '2011-06-28', '17:03:21', 0),
(6550228, 6550164, '2011-07-01', '15:52:26', 3),
(6550251, 6550164, '2011-07-01', '15:53:57', 3),
(6550289, 6550164, '2011-07-01', '15:57:06', 2),
(6579710, 6579661, '2011-07-05', '08:19:31', 1),
(6592956, 6579661, '2011-07-06', '07:30:31', 2),
(6652623, 6650693, '2011-07-11', '15:33:52', 0),
(6652676, 6650693, '2011-07-11', '15:37:23', 5),
(6655726, 6655696, '2011-07-11', '19:54:49', 6),
(6655730, 6655696, '2011-07-11', '19:55:02', 2),
(9560135, 6655696, '2012-03-05', '00:09:44', 31),
(26261462, 6655696, '2014-10-08', '16:07:20', 0),
(6698774, 6698743, '2011-07-14', '19:21:09', 5),
(6698780, 6698743, '2011-07-14', '19:21:39', 5),
(6940710, 6698743, '2011-08-04', '11:33:34', 0),
(6749367, 6749297, '2011-07-19', '15:03:47', 7),
(6749378, 6749297, '2011-07-19', '15:04:27', 1),
(6790308, 6790274, '2011-07-22', '12:53:45', 16),
(6790351, 6790274, '2011-07-22', '12:58:01', 3),
(6790358, 6790274, '2011-07-22', '12:58:39', 12),
(16504903, 6790274, '2013-05-12', '06:47:58', 0),
(6807600, 6807406, '2011-07-24', '15:06:22', 12),
(14556006, 6807406, '2013-01-28', '05:33:29', 0),
(6828343, 6828321, '2011-07-26', '10:01:50', 5),
(6828465, 6828321, '2011-07-26', '10:11:36', 5),
(6917867, 6917585, '2011-08-02', '20:00:18', 1),
(6918370, 6917585, '2011-08-02', '20:43:29', 3),
(7008085, 7008014, '2011-08-10', '08:47:18', 4),
(7008100, 7008014, '2011-08-10', '08:48:03', 1),
(7008105, 7008014, '2011-08-10', '08:48:49', 1),
(7008106, 7008014, '2011-08-10', '08:49:06', 3),
(7008135, 7008014, '2011-08-10', '08:52:25', 1),
(7008281, 7008014, '2011-08-10', '09:03:35', 2),
(7061676, 7061528, '2011-08-15', '04:16:47', 5),
(7095121, 7094647, '2011-08-17', '15:11:27', 7),
(7182453, 7182264, '2011-08-24', '21:23:04', 1),
(7182903, 7182264, '2011-08-24', '22:06:38', 12),
(7191073, 7189450, '2011-08-25', '13:20:01', 5),
(7196365, 7196335, '2011-08-25', '19:51:58', 9),
(7283889, 7218280, '2011-09-02', '13:08:49', 1),
(7333589, 7331811, '2011-09-07', '12:04:10', 3),
(7333858, 7331811, '2011-09-07', '12:25:35', 1),
(16638615, 7331811, '2013-05-19', '19:31:14', 1),
(7375690, 7375037, '2011-09-11', '01:09:11', 0),
(11543240, 7375037, '2012-07-18', '14:04:37', 2),
(21938489, 7375037, '2014-02-21', '15:30:39', 1),
(7506308, 7493552, '2011-09-21', '20:37:58', 5),
(33224263, 7493552, '2015-10-19', '21:30:40', 0),
(7590856, 7493633, '2011-09-28', '23:33:06', 1),
(7497344, 7497207, '2011-09-21', '09:14:34', 2),
(7507896, 7507784, '2011-09-21', '23:25:33', 3),
(7635878, 7507784, '2011-10-03', '13:48:04', 10),
(7644654, 7507784, '2011-10-04', '07:41:36', 0),
(7650356, 7507784, '2011-10-04', '15:31:38', 2),
(7664530, 7507784, '2011-10-05', '16:24:41', 11),
(7676526, 7507784, '2011-10-06', '15:19:22', 1),
(15999655, 7507784, '2013-04-14', '13:33:31', 2),
(16047183, 7507784, '2013-04-16', '21:11:53', 0),
(23200987, 7507784, '2014-04-21', '16:02:44', 4),
(27582113, 7507784, '2014-12-20', '16:25:27', 0),
(7523054, 7523023, '2011-09-23', '00:34:11', 1),
(7608817, 7608800, '2011-09-30', '10:04:29', 4),
(7608867, 7608800, '2011-09-30', '10:09:13', 1),
(7608969, 7608800, '2011-09-30', '10:17:27', 1),
(7741792, 7741720, '2011-10-12', '14:35:37', 2),
(7741906, 7741720, '2011-10-12', '14:43:52', 1),
(7751409, 7741720, '2011-10-13', '08:34:32', 2),
(7754444, 7741720, '2011-10-13', '12:54:07', 0),
(8371174, 7741720, '2011-12-03', '21:24:52', 3),
(8659161, 7746485, '2011-12-28', '17:28:28', 1),
(11682153, 7746485, '2012-07-27', '05:50:46', 2),
(7808758, 7801969, '2011-10-18', '14:18:55', 4),
(7813904, 7801969, '2011-10-18', '21:21:07', 0),
(7831694, 7828041, '2011-10-20', '05:54:43', 9),
(36836939, 7828041, '2016-04-25', '09:41:53', 1),
(8024840, 8024790, '2011-11-06', '02:29:28', 1),
(8024841, 8024790, '2011-11-06', '02:29:39', 4),
(8024845, 8024790, '2011-11-06', '02:30:09', 3),
(8025043, 8024790, '2011-11-06', '03:23:33', 6),
(8119820, 8119544, '2011-11-14', '09:54:21', 4),
(8124777, 8124538, '2011-11-14', '16:32:14', 1),
(8147916, 8147877, '2011-11-16', '07:05:35', 8),
(8147940, 8147877, '2011-11-16', '07:07:15', 9),
(8147945, 8147877, '2011-11-16', '07:08:14', 2),
(8242220, 8242172, '2011-11-23', '12:29:40', 4),
(8277893, 8277874, '2011-11-26', '10:46:32', 2),
(8309738, 8309569, '2011-11-29', '11:10:27', 1),
(8309880, 8309569, '2011-11-29', '11:21:00', 6),
(8309918, 8309569, '2011-11-29', '11:24:07', 2),
(8311379, 8309569, '2011-11-29', '13:16:52', 3),
(8715020, 8309569, '2012-01-03', '16:06:59', 2),
(25253145, 8309569, '2014-08-11', '22:02:45', 0),
(8325001, 8324947, '2011-11-30', '11:13:44', 2),
(8325436, 8324947, '2011-11-30', '11:46:22', 1),
(8325519, 8324947, '2011-11-30', '11:52:08', 9),
(10438030, 8324947, '2012-05-03', '19:24:48', 9),
(8447137, 8447090, '2011-12-09', '14:44:39', 14),
(8456875, 8456420, '2011-12-10', '13:37:41', 20),
(8460813, 8460797, '2011-12-10', '23:40:33', 9),
(8460824, 8460797, '2011-12-10', '23:44:26', 3),
(8515284, 8514725, '2011-12-15', '04:54:49', 3),
(8522662, 8522044, '2011-12-15', '15:40:53', 1),
(8580016, 8579654, '2011-12-20', '18:14:33', 4),
(8745904, 8579654, '2012-01-05', '16:23:04', 0),
(8628095, 8621056, '2011-12-25', '03:43:25', 1),
(8717806, 8717656, '2012-01-03', '19:50:41', 2),
(8720494, 8717656, '2012-01-04', '00:11:54', 0),
(10088031, 8833060, '2012-04-10', '11:39:30', 4),
(8837166, 8836388, '2012-01-12', '15:00:34', 2),
(8872817, 8872751, '2012-01-15', '19:53:23', 2),
(8913627, 8913529, '2012-01-18', '16:24:35', 1),
(8914017, 8913529, '2012-01-18', '16:51:19', -2),
(8914054, 8913529, '2012-01-18', '16:54:39', 5),
(8914124, 8913529, '2012-01-18', '16:59:21', 2),
(8914653, 8913529, '2012-01-18', '17:36:48', 0),
(8914667, 8913529, '2012-01-18', '17:37:27', 0),
(8914689, 8913529, '2012-01-18', '17:38:07', 0),
(8914798, 8913529, '2012-01-18', '17:45:29', 0),
(8915994, 8913529, '2012-01-18', '19:20:08', 1),
(8923075, 8913529, '2012-01-19', '08:32:46', 1),
(8923272, 8913529, '2012-01-19', '08:51:56', 0),
(8937738, 8937701, '2012-01-20', '06:50:08', 12),
(8937832, 8937701, '2012-01-20', '06:59:46', 3),
(9030541, 9030315, '2012-01-27', '08:14:12', 3),
(9030773, 9030315, '2012-01-27', '08:43:42', 0),
(9054584, 9053429, '2012-01-29', '16:09:13', 5),
(9056721, 9053429, '2012-01-29', '20:58:40', 2),
(9057522, 9053429, '2012-01-29', '22:55:05', 2),
(9065127, 9065115, '2012-01-30', '14:10:34', 4),
(9065205, 9065115, '2012-01-30', '14:17:08', 3),
(14876542, 9178316, '2013-02-14', '14:02:45', 0),
(9194292, 9193931, '2012-02-08', '13:31:23', 0),
(9316713, 9316032, '2012-02-16', '18:15:31', 0),
(9390123, 9389673, '2012-02-22', '06:29:14', 4),
(15418956, 9389673, '2013-03-14', '19:55:27', 0),
(9503880, 9503720, '2012-02-29', '17:33:54', 0),
(9562645, 9562598, '2012-03-05', '06:46:23', 0),
(9565156, 9562598, '2012-03-05', '10:34:28', 0),
(10522001, 9562598, '2012-05-09', '18:30:39', 0),
(22446351, 9562598, '2014-03-17', '03:18:48', 0),
(29556507, 9562598, '2015-04-10', '08:15:33', 0),
(9633994, 9631833, '2012-03-09', '12:22:05', 1),
(9695314, 9695207, '2012-03-14', '02:58:52', 2),
(9703921, 9695207, '2012-03-14', '14:31:02', 7),
(9716165, 9695207, '2012-03-15', '08:29:47', 1),
(38163402, 9695207, '2016-07-02', '18:45:29', 0),
(9736106, 9735273, '2012-03-16', '11:03:29', 0),
(9736390, 9735273, '2012-03-16', '11:25:16', 0),
(9785882, 9785851, '2012-03-20', '11:27:26', 3),
(9785891, 9785851, '2012-03-20', '11:28:00', 1),
(9786055, 9785851, '2012-03-20', '11:39:31', 1),
(9878673, 9815038, '2012-03-26', '19:46:49', 0),
(9898181, 9815038, '2012-03-27', '21:44:14', -1),
(9971543, 9815038, '2012-04-02', '06:02:27', 10),
(9981623, 9815038, '2012-04-02', '18:18:35', 1),
(9826870, 9826451, '2012-03-22', '16:52:06', -3),
(9829413, 9826451, '2012-03-22', '19:47:16', 2),
(9843445, 9843031, '2012-03-23', '17:06:17', 0),
(9955815, 9955694, '2012-03-31', '12:22:48', 1),
(9955839, 9955694, '2012-03-31', '12:26:01', 1),
(9955841, 9955694, '2012-03-31', '12:26:06', 1),
(9955846, 9955694, '2012-03-31', '12:26:52', 0),
(9977313, 9975733, '2012-04-02', '13:23:41', 9),
(9995536, 9992585, '2012-04-03', '14:38:40', 2),
(9996964, 9992585, '2012-04-03', '15:54:11', 3),
(9997498, 9996681, '2012-04-03', '16:28:23', 1),
(10214365, 10211326, '2012-04-18', '17:06:33', 3),
(10218351, 10211326, '2012-04-18', '21:31:35', 4),
(10217152, 10214144, '2012-04-18', '20:06:21', 9),
(13515742, 10214144, '2012-11-22', '15:21:38', 3),
(10278389, 10278243, '2012-04-23', '09:59:23', 2),
(10368322, 10368305, '2012-04-28', '23:03:51', 1),
(10368597, 10368305, '2012-04-29', '00:00:16', 5),
(10378628, 10378467, '2012-04-30', '04:49:43', 0),
(10403358, 10402822, '2012-05-01', '19:48:31', 0),
(10538622, 10402822, '2012-05-10', '16:41:11', 1),
(11501935, 10486578, '2012-07-16', '09:51:39', 3),
(10506128, 10505737, '2012-05-08', '20:38:41', 0),
(10649653, 10646531, '2012-05-18', '09:00:43', 51),
(13673944, 10646531, '2012-12-02', '21:18:04', 10),
(16706208, 10646531, '2013-05-23', '05:26:28', 4),
(17135114, 10646531, '2013-06-16', '15:59:10', 6),
(10715973, 10714668, '2012-05-23', '08:13:02', 19),
(13388702, 10737926, '2012-11-14', '22:47:02', 1),
(10855886, 10855810, '2012-06-01', '18:58:09', 3),
(10857141, 10855810, '2012-06-01', '20:48:28', 2),
(10929158, 10928966, '2012-06-07', '09:29:40', 1),
(10935424, 10928966, '2012-06-07', '15:56:10', 2),
(10986036, 10985991, '2012-06-11', '19:06:02', 1),
(10986042, 10985991, '2012-06-11', '19:06:12', 4),
(10986067, 10985991, '2012-06-11', '19:07:50', 0),
(10986084, 10985991, '2012-06-11', '19:09:43', 0),
(10986102, 10985991, '2012-06-11', '19:11:07', 1),
(10986107, 10985991, '2012-06-11', '19:11:25', 1),
(11032824, 11030792, '2012-06-14', '12:13:15', 1),
(11036545, 11036389, '2012-06-14', '15:36:24', 9),
(11036698, 11036389, '2012-06-14', '15:45:10', 7),
(11036792, 11036389, '2012-06-14', '15:50:17', 4),
(11055377, 11055336, '2012-06-15', '17:19:15', 20),
(11332574, 11055336, '2012-07-04', '16:15:38', 2),
(11373468, 11055336, '2012-07-07', '08:20:19', 172),
(11131982, 11131302, '2012-06-21', '05:26:51', 3),
(11139025, 11131302, '2012-06-21', '13:15:40', 0),
(11143869, 11143026, '2012-06-21', '17:49:54', 1),
(11143961, 11143026, '2012-06-21', '17:55:31', 14),
(11150395, 11149009, '2012-06-22', '04:55:42', 4),
(31778535, 11187005, '2015-08-03', '02:16:18', 0),
(11232223, 11232107, '2012-06-27', '17:54:24', 1),
(11302827, 11302698, '2012-07-03', '00:05:00', 4),
(11434152, 11433954, '2012-07-11', '13:50:11', 1),
(11434289, 11433954, '2012-07-11', '13:57:06', 3),
(11434291, 11433954, '2012-07-11', '13:57:10', 0),
(11434516, 11433954, '2012-07-11', '14:09:24', 1),
(11434612, 11433954, '2012-07-11', '14:14:48', 0),
(11451585, 11437459, '2012-07-12', '12:13:09', 3),
(11452153, 11452074, '2012-07-12', '12:45:14', 1),
(11452163, 11452074, '2012-07-12', '12:45:51', 0),
(11452213, 11452074, '2012-07-12', '12:48:48', 0),
(11452458, 11452074, '2012-07-12', '13:04:06', 1),
(11453628, 11452074, '2012-07-12', '14:06:11', 2),
(11461993, 11461726, '2012-07-12', '23:04:46', 3),
(11619719, 11619575, '2012-07-23', '20:07:45', 2),
(11651514, 11650596, '2012-07-25', '14:02:06', 1),
(11651532, 11650596, '2012-07-25', '14:02:55', 2),
(11667105, 11666905, '2012-07-26', '10:10:55', 1),
(11667118, 11666905, '2012-07-26', '10:12:03', 2),
(11667130, 11666905, '2012-07-26', '10:12:47', 2),
(17436368, 11666905, '2013-07-02', '21:48:04', 1),
(11685460, 11672625, '2012-07-27', '09:54:25', 2),
(11685515, 11685427, '2012-07-27', '09:57:35', 1),
(11685533, 11685427, '2012-07-27', '09:58:46', 3),
(18088862, 11690909, '2013-08-06', '19:30:17', 0),
(11728934, 11725089, '2012-07-30', '20:17:15', 1),
(11801418, 11801323, '2012-08-03', '18:37:04', 1),
(11832822, 11832654, '2012-08-06', '17:11:28', 0),
(11833213, 11832654, '2012-08-06', '17:41:43', 0),
(11868119, 11866324, '2012-08-08', '15:36:41', 5),
(11873541, 11870266, '2012-08-08', '21:35:38', 0),
(11888069, 11870266, '2012-08-09', '16:41:42', 0),
(12044755, 11870266, '2012-08-20', '20:36:17', 1),
(12093315, 12093169, '2012-08-23', '13:56:14', 0),
(12094070, 12093169, '2012-08-23', '14:34:46', 2),
(12162939, 12162919, '2012-08-28', '15:47:38', 2),
(12163103, 12162919, '2012-08-28', '15:57:02', 1),
(12205651, 12200301, '2012-08-30', '21:15:51', 0),
(12734115, 12200301, '2012-10-04', '19:05:13', 0),
(36041343, 12200301, '2016-03-16', '16:21:02', 1),
(12204763, 12201578, '2012-08-30', '20:14:09', 2),
(12420658, 12360949, '2012-09-14', '08:23:22', 1),
(17476107, 12360949, '2013-07-04', '18:07:39', 4),
(12463702, 12463675, '2012-09-17', '16:43:33', 2),
(12463705, 12463675, '2012-09-17', '16:43:38', 2),
(12526535, 12526325, '2012-09-21', '08:03:59', 1),
(12594031, 12589685, '2012-09-26', '03:07:13', 2),
(17893655, 12589685, '2013-07-27', '02:25:52', 0),
(12686052, 12686014, '2012-10-02', '07:24:17', 13),
(12686132, 12686014, '2012-10-02', '07:30:56', 21),
(12729992, 12729827, '2012-10-04', '14:50:20', 1),
(12730009, 12729827, '2012-10-04', '14:51:10', 1),
(12731392, 12729827, '2012-10-04', '16:11:56', 3),
(12789316, 12788870, '2012-10-08', '20:53:23', 6),
(12873738, 12873715, '2012-10-13', '13:50:44', 0),
(12873924, 12873715, '2012-10-13', '14:14:11', 3),
(12874837, 12873715, '2012-10-13', '16:04:45', 0),
(12955500, 12955379, '2012-10-18', '13:09:15', 2),
(13167296, 13165731, '2012-10-31', '20:57:02', 5),
(13171385, 13170812, '2012-11-01', '05:21:28', 0),
(13184709, 13170812, '2012-11-01', '20:09:09', 0),
(13185721, 13170812, '2012-11-01', '21:26:43', 1),
(26686645, 13244384, '2014-11-01', '06:04:40', 2),
(13256547, 13255645, '2012-11-06', '17:52:02', 3),
(13265987, 13265932, '2012-11-07', '08:42:30', 1),
(13323733, 13320285, '2012-11-10', '16:23:02', 5),
(13323996, 13320285, '2012-11-10', '16:53:53', 2),
(13324528, 13320285, '2012-11-10', '17:50:13', 1),
(13330905, 13320285, '2012-11-11', '11:59:52', 2),
(15032940, 13344404, '2013-02-22', '20:49:26', 1),
(13378061, 13378025, '2012-11-14', '11:35:49', 9),
(13378495, 13378025, '2012-11-14', '12:04:31', 2),
(13378503, 13378025, '2012-11-14', '12:05:12', 7),
(13413846, 13412488, '2012-11-16', '09:34:42', 1),
(13566724, 13539049, '2012-11-26', '14:19:37', 0),
(13787531, 13787490, '2012-12-09', '12:55:21', 13),
(13787798, 13787490, '2012-12-09', '13:28:28', 1),
(13802775, 13799199, '2012-12-10', '14:20:54', 12),
(13807095, 13807057, '2012-12-10', '18:38:47', 0),
(13881706, 13873717, '2012-12-14', '15:35:16', 0),
(13916310, 13916188, '2012-12-17', '14:45:25', 1),
(14130340, 14130255, '2013-01-02', '22:35:06', 0),
(14130343, 14130255, '2013-01-02', '22:35:21', 1),
(14176877, 14169735, '2013-01-05', '22:02:26', 0),
(14256756, 14169735, '2013-01-10', '11:20:34', 1),
(19731085, 14169735, '2013-11-01', '16:32:26', 0),
(14207888, 14207755, '2013-01-08', '03:43:54', 0),
(14207979, 14207755, '2013-01-08', '03:56:53', 2),
(14327294, 14327207, '2013-01-14', '21:44:30', 3),
(14327368, 14327207, '2013-01-14', '21:49:05', 3),
(14327380, 14327207, '2013-01-14', '21:49:38', 3),
(14327398, 14327207, '2013-01-14', '21:51:03', 3),
(19915611, 14380971, '2013-11-11', '20:47:24', 0),
(14435725, 14435706, '2013-01-21', '09:31:00', 1),
(14481689, 14460314, '2013-01-23', '14:08:22', 0),
(14573651, 14573292, '2013-01-29', '00:19:17', 3),
(14581219, 14580969, '2013-01-29', '10:53:39', 4),
(14685000, 14684946, '2013-02-04', '10:41:48', 1),
(14685033, 14684946, '2013-02-04', '10:44:01', 3),
(14685038, 14684946, '2013-02-04', '10:44:23', 0),
(14685483, 14684946, '2013-02-04', '11:09:14', 2),
(14831042, 14830958, '2013-02-12', '11:04:41', 2),
(14831750, 14830958, '2013-02-12', '11:41:58', 0),
(14898065, 14855135, '2013-02-15', '15:36:30', 4),
(14899719, 14899628, '2013-02-15', '17:05:57', 2),
(15168777, 15168717, '2013-03-01', '23:43:20', 2),
(15175533, 15174808, '2013-03-02', '14:22:49', 0),
(16204480, 15174808, '2013-04-25', '00:27:28', 3),
(15243127, 15242600, '2013-03-06', '09:12:19', 2),
(15284515, 15284487, '2013-03-08', '00:22:04', 3),
(15284647, 15284487, '2013-03-08', '00:35:19', 0),
(32085586, 15284487, '2015-08-19', '02:29:22', 0),
(15338140, 15299539, '2013-03-11', '12:04:16', 1),
(15338240, 15299539, '2013-03-11', '12:10:01', 0),
(15327190, 15326998, '2013-03-10', '20:27:43', 5),
(15473814, 15473643, '2013-03-18', '09:51:45', 4),
(15520327, 15520239, '2013-03-20', '09:58:23', 0),
(18111187, 15520239, '2013-08-07', '18:37:14', -5),
(22965878, 15520239, '2014-04-09', '14:35:40', 4),
(24814315, 15520239, '2014-07-17', '22:04:17', 0),
(28854946, 15520239, '2015-03-04', '12:48:57', 0),
(15585156, 15584690, '2013-03-23', '09:22:58', 1),
(15588382, 15584690, '2013-03-23', '15:13:31', 0),
(15598055, 15590920, '2013-03-24', '11:47:40', 3),
(15780055, 15778453, '2013-04-03', '06:09:55', 4),
(15842665, 15842614, '2013-04-05', '20:11:27', 1),
(15842676, 15842614, '2013-04-05', '20:12:12', 0),
(15842766, 15842614, '2013-04-05', '20:18:07', 0),
(15843317, 15842614, '2013-04-05', '20:50:35', 0),
(15943216, 15942936, '2013-04-11', '07:42:07', 2),
(15943846, 15942936, '2013-04-11', '08:17:42', 3),
(21071938, 15942936, '2014-01-12', '06:26:12', 0),
(16022679, 16022574, '2013-04-15', '18:52:37', 0),
(16061836, 16061361, '2013-04-17', '13:47:32', 2),
(16889163, 16061361, '2013-06-03', '02:08:12', 1),
(16268829, 16266414, '2013-04-28', '22:44:40', 0),
(16308384, 16308336, '2013-04-30', '20:24:10', 2),
(16416171, 16415625, '2013-05-07', '09:56:11', 0),
(16430662, 16430592, '2013-05-08', '00:15:12', 1),
(16430691, 16430592, '2013-05-08', '00:18:00', 0),
(16539092, 16538973, '2013-05-14', '09:06:14', 1),
(17804306, 16538973, '2013-07-23', '07:46:34', 1),
(16545224, 16544428, '2013-05-14', '13:58:27', 4),
(16557059, 16556813, '2013-05-15', '04:46:47', 11),
(16564276, 16564042, '2013-05-15', '11:50:40', 5),
(16587282, 16587247, '2013-05-16', '12:20:13', 3),
(17257543, 16652677, '2013-06-23', '03:43:53', 1),
(16653936, 16653321, '2013-05-20', '16:25:08', 0),
(16654058, 16653321, '2013-05-20', '16:33:06', 0),
(16670741, 16670579, '2013-05-21', '13:04:14', 2),
(16678883, 16678441, '2013-05-21', '20:24:59', 1),
(16721832, 16721567, '2013-05-23', '18:58:59', 1),
(16992928, 16992793, '2013-06-07', '21:04:15', 0),
(16996338, 16992793, '2013-06-08', '05:14:55', 2),
(17037884, 17034898, '2013-06-11', '06:36:56', 1),
(17042776, 17034898, '2013-06-11', '11:16:22', 1),
(17070062, 17059753, '2013-06-12', '15:56:50', 4),
(17132340, 17059753, '2013-06-16', '10:30:39', 1),
(41508246, 17059753, '2017-01-06', '14:54:43', 3),
(17064459, 17062684, '2013-06-12', '11:35:31', 0),
(17065703, 17062684, '2013-06-12', '12:37:41', 1),
(17184505, 17183648, '2013-06-19', '06:42:52', 1),
(17187641, 17186114, '2013-06-19', '09:27:15', 1),
(17344292, 17340377, '2013-06-27', '13:18:33', 0),
(17375046, 17375037, '2013-06-28', '23:23:35', 1),
(17375077, 17375037, '2013-06-28', '23:27:44', 3),
(17375326, 17375037, '2013-06-29', '00:01:37', 1),
(32004823, 17402246, '2015-08-14', '07:43:38', 8),
(17510999, 17510945, '2013-07-07', '09:49:40', 0),
(17533059, 17531201, '2013-07-08', '17:59:52', 0),
(17697684, 17697368, '2013-07-17', '10:45:01', 1),
(17725074, 17723733, '2013-07-18', '13:38:51', 2),
(21058963, 17723733, '2014-01-11', '05:43:39', 4),
(18214880, 17783254, '2013-08-13', '16:53:37', 1),
(18259458, 17783254, '2013-08-15', '18:42:50', 2),
(18259874, 17783254, '2013-08-15', '19:07:52', 0),
(17804417, 17804373, '2013-07-23', '07:53:01', 2),
(17804454, 17804373, '2013-07-23', '07:55:16', 2),
(17804470, 17804373, '2013-07-23', '07:56:01', 2),
(17804896, 17804373, '2013-07-23', '08:18:56', 1),
(17890959, 17868722, '2013-07-26', '21:00:25', 0),
(19776342, 18070188, '2013-11-04', '20:18:05', 1),
(18106648, 18093539, '2013-08-07', '14:51:09', 0),
(18136886, 18136800, '2013-08-08', '21:59:47', 0),
(18136910, 18136800, '2013-08-08', '22:01:18', 3),
(18136915, 18136800, '2013-08-08', '22:01:46', 4),
(18136947, 18136800, '2013-08-08', '22:04:19', 0),
(18147183, 18147059, '2013-08-09', '12:57:00', 1),
(18172731, 18147059, '2013-08-11', '14:01:37', 0),
(18159234, 18158181, '2013-08-10', '06:20:06', 2),
(18241821, 18239201, '2013-08-14', '20:37:05', 2),
(18385034, 18364842, '2013-08-22', '15:39:17', 2),
(18397013, 18374263, '2013-08-23', '07:14:52', 1),
(18413401, 18374263, '2013-08-23', '23:40:52', 1),
(18665122, 18449418, '2013-09-06', '19:23:44', 0),
(18468184, 18468006, '2013-08-27', '14:24:46', 6),
(18499624, 18499550, '2013-08-28', '22:55:06', 2),
(18535730, 18535706, '2013-08-30', '14:46:09', 9),
(18578178, 18578146, '2013-09-02', '17:22:22', 0),
(18641799, 18641163, '2013-09-05', '16:47:12', 1),
(18663435, 18663331, '2013-09-06', '17:34:41', 18),
(18667935, 18663331, '2013-09-06', '23:14:19', 2),
(18791649, 18718151, '2013-09-13', '17:06:05', 1),
(18746675, 18746550, '2013-09-11', '16:35:34', 3),
(18746710, 18746550, '2013-09-11', '16:36:46', 1),
(18746920, 18746550, '2013-09-11', '16:47:54', 0),
(18747025, 18746550, '2013-09-11', '16:53:49', 3),
(18791363, 18790332, '2013-09-13', '16:47:50', 1),
(18863183, 18858146, '2013-09-18', '03:02:42', 0),
(18931363, 18858146, '2013-09-21', '10:08:35', 1),
(19011067, 18993445, '2013-09-25', '17:05:22', 1),
(20334585, 18993445, '2013-12-02', '17:47:46', 1),
(19175992, 19174970, '2013-10-04', '07:48:36', 0),
(19179707, 19177930, '2013-10-04', '11:08:10', 0),
(19186965, 19185543, '2013-10-04', '17:06:23', 0),
(19391724, 19387043, '2013-10-15', '21:48:16', 3),
(19461380, 19461349, '2013-10-19', '01:36:47', 1),
(19465936, 19465228, '2013-10-19', '12:20:06', 2),
(19500109, 19499889, '2013-10-21', '16:40:01', 1),
(19575711, 19573966, '2013-10-24', '20:12:31', 0),
(19620537, 19620401, '2013-10-27', '16:39:30', 1),
(19655762, 19655647, '2013-10-29', '10:35:10', 7),
(19669404, 19664582, '2013-10-29', '21:23:05', 0),
(19684193, 19684155, '2013-10-30', '13:52:53', 1),
(19684196, 19684155, '2013-10-30', '13:52:56', 0),
(19684241, 19684155, '2013-10-30', '13:55:14', 3),
(19691041, 19684155, '2013-10-30', '18:30:22', 0),
(31723139, 19684155, '2015-07-30', '11:55:58', 2),
(19731612, 19726791, '2013-11-01', '17:05:24', 4),
(19801057, 19726791, '2013-11-05', '23:20:15', 11),
(19775729, 19740576, '2013-11-04', '19:42:26', 0),
(19786204, 19785923, '2013-11-05', '09:59:46', 0),
(19786346, 19785923, '2013-11-05', '10:07:51', 4),
(19788783, 19785923, '2013-11-05', '12:15:57', 0),
(19872146, 19871612, '2013-11-09', '03:49:20', 0),
(24722872, 19871612, '2014-07-13', '12:49:41', 0),
(40995769, 19871612, '2016-12-06', '12:46:45', 0),
(41012276, 19871612, '2016-12-07', '08:08:16', 0),
(19895067, 19892416, '2013-11-10', '20:54:04', 1),
(20129564, 19970312, '2013-11-21', '18:54:00', 2),
(19977110, 19976892, '2013-11-14', '12:02:02', 1),
(19977357, 19976892, '2013-11-14', '12:14:04', 1),
(19985442, 19976892, '2013-11-14', '18:27:42', 1),
(23606224, 19976892, '2014-05-12', '10:07:57', 1),
(20162480, 20162442, '2013-11-23', '12:48:18', 1),
(20259711, 20259607, '2013-11-28', '07:03:48', 3),
(20332337, 20266427, '2013-12-02', '15:54:09', 0),
(20354881, 20353968, '2013-12-03', '15:17:54', 0),
(20405578, 20401328, '2013-12-05', '16:38:21', 0),
(20495036, 20490450, '2013-12-10', '12:49:00', 2),
(20546869, 20546702, '2013-12-12', '14:59:43', 3),
(20551052, 20550660, '2013-12-12', '18:13:03', 1),
(20569438, 20559708, '2013-12-13', '14:57:24', 1),
(20569530, 20559708, '2013-12-13', '15:01:29', 5),
(20569992, 20559708, '2013-12-13', '15:23:37', 0),
(20570088, 20559708, '2013-12-13', '15:28:08', 2),
(20601115, 20559708, '2013-12-15', '23:14:15', 0),
(20603959, 20599837, '2013-12-16', '05:19:49', 0),
(20686656, 20686527, '2013-12-19', '16:22:45', 1),
(20686666, 20686527, '2013-12-19', '16:23:05', 1),
(20686673, 20686527, '2013-12-19', '16:23:20', 1),
(20686878, 20686527, '2013-12-19', '16:32:46', 1),
(20941347, 20941270, '2014-01-06', '01:01:00', 0),
(20952503, 20941270, '2014-01-06', '14:48:27', 3),
(21236353, 21235933, '2014-01-20', '14:19:51', 2);
INSERT INTO `conditional_resp` (`id`, `parentalid`, `datar`, `timer`, `score`) VALUES
(21273006, 21272744, '2014-01-22', '02:23:39', 3),
(21273083, 21272744, '2014-01-22', '02:32:42', 2),
(21278123, 21277933, '2014-01-22', '08:49:23', 0),
(21278320, 21277933, '2014-01-22', '08:59:08', 0),
(21323266, 21323234, '2014-01-24', '02:24:53', 1),
(21432326, 21400970, '2014-01-29', '13:20:03', 0),
(21508440, 21508421, '2014-02-02', '08:13:19', 1),
(21693624, 21693233, '2014-02-11', '05:09:50', 0),
(21694562, 21693233, '2014-02-11', '06:20:02', 3),
(21707482, 21700274, '2014-02-11', '16:30:16', 3),
(21709604, 21700274, '2014-02-11', '18:04:01', 2),
(21825655, 21824597, '2014-02-17', '09:49:49', 0),
(21830545, 21824597, '2014-02-17', '13:36:14', 5),
(21995536, 21995504, '2014-02-24', '18:06:57', 2),
(21995582, 21995504, '2014-02-24', '18:08:59', 4),
(22028116, 21995504, '2014-02-25', '23:01:58', 1),
(32308610, 21995504, '2015-08-31', '09:59:40', 3),
(22130442, 22119641, '2014-03-02', '16:50:14', 1),
(32539649, 22296514, '2015-09-12', '13:58:08', 1),
(42217095, 22296514, '2017-02-14', '02:58:04', 0),
(22339909, 22339856, '2014-03-12', '00:59:14', 6),
(22342012, 22341063, '2014-03-12', '04:24:39', 9),
(22592657, 22425542, '2014-03-23', '15:10:27', 2),
(22627728, 22425542, '2014-03-25', '07:13:29', 7),
(22529603, 22529340, '2014-03-20', '10:10:46', 1),
(22541815, 22529340, '2014-03-20', '18:19:42', 1),
(22544878, 22544717, '2014-03-20', '20:56:01', 4),
(22544889, 22544717, '2014-03-20', '20:56:27', 1),
(22566226, 22565960, '2014-03-21', '18:01:56', 0),
(28629199, 22565960, '2015-02-20', '12:36:51', 0),
(22739150, 22738635, '2014-03-30', '01:18:15', 1),
(22762359, 22762201, '2014-03-31', '13:06:44', 0),
(22762407, 22762201, '2014-03-31', '13:08:56', 1),
(22762969, 22762201, '2014-03-31', '13:34:31', 0),
(22824700, 22805613, '2014-04-02', '22:58:00', 2),
(28115299, 22813606, '2015-01-23', '17:20:59', 0),
(24250683, 22958965, '2014-06-16', '19:20:37', 5),
(39717650, 22958965, '2016-09-27', '06:36:46', 0),
(23000453, 23000291, '2014-04-10', '22:48:22', 0),
(23002706, 23000291, '2014-04-11', '02:58:22', 0),
(23200060, 23195044, '2014-04-21', '15:07:50', 39),
(23236726, 23236548, '2014-04-23', '06:40:27', 1),
(23236824, 23236548, '2014-04-23', '06:46:46', 6),
(23236827, 23236548, '2014-04-23', '06:46:50', 0),
(23246748, 23245659, '2014-04-23', '14:02:54', 2),
(23382324, 23382015, '2014-04-30', '07:39:10', 1),
(23400249, 23400207, '2014-05-01', '00:19:26', 2),
(23401732, 23400207, '2014-05-01', '03:48:30', 2),
(23704309, 23704097, '2014-05-16', '20:48:26', 12),
(23704383, 23704097, '2014-05-16', '20:54:27', 11),
(23707120, 23704097, '2014-05-17', '02:54:47', 5),
(23803676, 23803023, '2014-05-22', '10:03:42', 0),
(23810897, 23803023, '2014-05-22', '15:17:57', 2),
(23831631, 23830822, '2014-05-23', '14:18:23', 5),
(23832164, 23830822, '2014-05-23', '14:43:12', 4),
(23968945, 23968248, '2014-05-31', '10:30:07', 1),
(25282075, 24072013, '2014-08-13', '08:58:19', 2),
(24127558, 24127491, '2014-06-09', '19:32:02', 2),
(24127613, 24127491, '2014-06-09', '19:36:11', 4),
(24160256, 24157714, '2014-06-11', '10:11:00', 8),
(24186312, 24184810, '2014-06-12', '13:56:23', 2),
(24186841, 24184810, '2014-06-12', '14:23:21', 1),
(24189648, 24184810, '2014-06-12', '16:39:42', 3),
(24297203, 24297154, '2014-06-19', '01:00:07', 3),
(24372145, 24369272, '2014-06-23', '17:47:03', 0),
(24397402, 24369272, '2014-06-24', '22:30:16', 9),
(36502420, 24369272, '2016-04-08', '14:37:46', 5),
(38635296, 24369272, '2016-07-28', '11:40:01', 0),
(24396422, 24396293, '2014-06-24', '21:14:18', 3),
(40435461, 24396293, '2016-11-05', '06:32:38', 0),
(24403905, 24403551, '2014-06-25', '08:38:14', 29),
(24501546, 24501368, '2014-07-01', '02:12:30', 3),
(24519738, 24519737, '2014-07-01', '21:43:01', 1),
(24533028, 24532467, '2014-07-02', '13:54:32', -1),
(24533474, 24532467, '2014-07-02', '14:15:41', 1),
(24547371, 24546912, '2014-07-03', '07:18:21', 2),
(24547768, 24546912, '2014-07-03', '07:39:07', 0),
(24695116, 24677857, '2014-07-11', '09:59:51', 0),
(30147331, 24738281, '2015-05-10', '03:13:19', 1),
(24872228, 24848771, '2014-07-21', '18:32:54', 0),
(25184777, 25184148, '2014-08-07', '14:11:55', 5),
(25228143, 25225149, '2014-08-10', '11:29:53', 4),
(25231892, 25225149, '2014-08-10', '18:47:58', 2),
(25232049, 25225149, '2014-08-10', '19:09:38', 0),
(25233858, 25226325, '2014-08-10', '23:05:50', 1),
(25270419, 25226325, '2014-08-12', '17:24:40', 3),
(25229470, 25228182, '2014-08-10', '14:17:09', 2),
(25376526, 25376496, '2014-08-19', '05:54:46', 1),
(25376532, 25376496, '2014-08-19', '05:55:08', 1),
(25897621, 25897492, '2014-09-17', '18:17:00', 2),
(25988619, 25986863, '2014-09-23', '06:47:23', 0),
(26055648, 26034586, '2014-09-26', '08:52:09', 1),
(26087970, 26087884, '2014-09-28', '18:12:46', 2),
(26088179, 26087884, '2014-09-28', '18:31:02', 4),
(26152749, 26152305, '2014-10-02', '00:25:34', 12),
(26152849, 26152305, '2014-10-02', '00:40:04', 1),
(26155889, 26152305, '2014-10-02', '07:08:31', 8),
(26184467, 26184094, '2014-10-03', '18:16:09', 2),
(31480157, 26231757, '2015-07-17', '16:10:31', 1),
(26248051, 26245182, '2014-10-08', '01:53:43', 1),
(26284362, 26254975, '2014-10-09', '17:20:43', 1),
(26333895, 26254975, '2014-10-13', '06:08:32', 1),
(26288430, 26286174, '2014-10-09', '21:44:25', 0),
(26515124, 26489640, '2014-10-22', '19:03:13', 2),
(26635195, 26634744, '2014-10-29', '16:02:53', 1),
(26635213, 26634744, '2014-10-29', '16:03:30', 0),
(26883171, 26634744, '2014-11-12', '09:14:58', 1),
(26671000, 26663827, '2014-10-31', '09:12:57', 1),
(26829535, 26818198, '2014-11-09', '15:00:17', 0),
(32662998, 27049999, '2015-09-19', '00:51:24', 0),
(27053391, 27053343, '2014-11-21', '02:57:03', 1),
(27058138, 27053343, '2014-11-21', '09:33:35', 1),
(27313541, 27130634, '2014-12-05', '10:15:35', 1),
(27219922, 27219858, '2014-12-01', '00:13:46', 0),
(27220552, 27219858, '2014-12-01', '01:29:24', 0),
(27255012, 27254175, '2014-12-02', '17:08:02', 2),
(27452905, 27452847, '2014-12-12', '22:11:04', 5),
(27557927, 27557592, '2014-12-19', '00:09:48', 0),
(27634313, 27632660, '2014-12-24', '09:09:52', 12),
(27769057, 27759933, '2015-01-04', '18:46:29', 0),
(27880746, 27877390, '2015-01-10', '20:12:13', 0),
(27943480, 27942386, '2015-01-14', '12:56:05', 1),
(28076025, 28075962, '2015-01-21', '20:13:25', 2),
(28076027, 28075962, '2015-01-21', '20:13:33', 2),
(28076655, 28075962, '2015-01-21', '20:56:46', 1),
(28198279, 28075962, '2015-01-28', '17:11:20', 0),
(28155916, 28155293, '2015-01-26', '17:59:52', 1),
(28156133, 28155293, '2015-01-26', '18:13:44', 1),
(28188382, 28187434, '2015-01-28', '09:13:02', 0),
(28188975, 28187434, '2015-01-28', '09:44:27', 1),
(29995532, 28326080, '2015-05-01', '21:37:44', 1),
(28440021, 28419211, '2015-02-10', '19:19:18', 1),
(28453337, 28453092, '2015-02-11', '11:35:16', 0),
(28453373, 28453092, '2015-02-11', '11:36:38', 0),
(28550061, 28549635, '2015-02-16', '20:48:02', 1),
(28646945, 28646888, '2015-02-21', '14:34:59', 6),
(29889516, 28815255, '2015-04-27', '07:19:10', 1),
(28819678, 28818460, '2015-03-02', '21:22:27', 4),
(29071377, 29060043, '2015-03-16', '07:13:32', 1),
(30368553, 29060043, '2015-05-21', '08:37:04', 0),
(29061104, 29061067, '2015-03-15', '13:25:50', 2),
(29079654, 29079619, '2015-03-16', '14:42:54', 1),
(31810260, 29079619, '2015-08-04', '13:09:47', 1),
(29244154, 29216175, '2015-03-24', '22:35:01', 2),
(29400738, 29399824, '2015-04-01', '21:00:43', 0),
(29410942, 29410809, '2015-04-02', '10:42:35', 2),
(29415574, 29410809, '2015-04-02', '14:33:05', 0),
(29469892, 29468724, '2015-04-06', '10:57:13', 0),
(29470096, 29468724, '2015-04-06', '11:09:56', 3),
(29551669, 29547886, '2015-04-10', '01:06:27', 1),
(29577213, 29576423, '2015-04-11', '11:12:48', 0),
(29630313, 29576423, '2015-04-14', '14:40:31', 0),
(29630187, 29629947, '2015-04-14', '14:35:17', 4),
(29630223, 29629947, '2015-04-14', '14:36:46', 2),
(29630360, 29629947, '2015-04-14', '14:42:44', 3),
(29669142, 29668884, '2015-04-16', '08:20:15', 6),
(29814347, 29814047, '2015-04-23', '05:20:40', 1),
(29814689, 29814047, '2015-04-23', '05:44:41', 0),
(29814814, 29814047, '2015-04-23', '05:53:37', 3),
(30083140, 30080236, '2015-05-06', '17:02:38', 2),
(30266044, 30266009, '2015-05-15', '18:06:09', 4),
(30294091, 30266009, '2015-05-18', '02:01:35', 0),
(30352640, 30352580, '2015-05-20', '14:28:39', 2),
(30352676, 30352580, '2015-05-20', '14:30:06', 1),
(30352755, 30352580, '2015-05-20', '14:33:13', 1),
(30644941, 30644743, '2015-06-04', '13:21:02', 0),
(30645129, 30644743, '2015-06-04', '13:28:49', 4),
(30646290, 30644743, '2015-06-04', '14:15:44', 0),
(30828006, 30827925, '2015-06-14', '09:53:05', 1),
(30828039, 30827925, '2015-06-14', '09:57:07', 0),
(30828298, 30827925, '2015-06-14', '10:29:59', 1),
(30838614, 30838406, '2015-06-15', '06:30:20', 0),
(30844891, 30838406, '2015-06-15', '12:12:33', 2),
(30845036, 30838406, '2015-06-15', '12:20:07', 1),
(30860869, 30838406, '2015-06-16', '07:03:11', 1),
(31278074, 31275467, '2015-07-07', '19:52:55', 2),
(31372792, 31372636, '2015-07-12', '21:29:45', 2),
(31386896, 31379662, '2015-07-13', '15:03:17', 3),
(34078474, 31521465, '2015-12-03', '23:48:18', 1),
(32861678, 31540446, '2015-09-30', '08:43:57', 58),
(32970249, 31540446, '2015-10-06', '12:41:27', 21),
(31567459, 31565989, '2015-07-22', '15:24:02', 2),
(31567920, 31565989, '2015-07-22', '15:44:05', 4),
(31570477, 31569758, '2015-07-22', '17:51:55', 1),
(31586438, 31585930, '2015-07-23', '11:46:27', 2),
(31641664, 31616816, '2015-07-26', '20:33:02', 1),
(31661259, 31654505, '2015-07-27', '19:05:32', 19),
(32780973, 31734263, '2015-09-25', '11:16:54', 1),
(31799829, 31799634, '2015-08-04', '02:44:05', 3),
(31968203, 31967738, '2015-08-12', '14:31:57', 4),
(31978271, 31978160, '2015-08-13', '01:53:56', 4),
(31983912, 31983262, '2015-08-13', '09:06:18', 2),
(32271781, 32096223, '2015-08-28', '13:05:16', 0),
(32250723, 32246652, '2015-08-27', '13:28:36', 3),
(32253034, 32252933, '2015-08-27', '15:04:50', 0),
(32399313, 32398460, '2015-09-04', '13:27:44', 0),
(32481836, 32481719, '2015-09-09', '14:07:51', 0),
(32482842, 32481719, '2015-09-09', '14:51:17', 5),
(32587562, 32587431, '2015-09-15', '13:37:16', 0),
(39058799, 32587431, '2016-08-20', '21:18:16', 0),
(32615235, 32590906, '2015-09-16', '17:40:40', 0),
(33015890, 33015150, '2015-10-08', '12:31:08', 0),
(33016287, 33015150, '2015-10-08', '12:47:49', 0),
(33052933, 33048046, '2015-10-10', '10:26:29', 1),
(33233266, 33103172, '2015-10-20', '09:44:26', 0),
(33459222, 33458845, '2015-11-01', '04:30:24', 1),
(33459712, 33458845, '2015-11-01', '06:07:33', 0),
(33460402, 33458845, '2015-11-01', '08:22:49', 0),
(33710397, 33710201, '2015-11-14', '16:07:27', 2),
(33770530, 33770374, '2015-11-18', '01:59:27', 1),
(33770670, 33770374, '2015-11-18', '02:13:30', 1),
(33770775, 33770374, '2015-11-18', '02:25:05', 5),
(33770904, 33770374, '2015-11-18', '02:37:57', 2),
(33781223, 33781140, '2015-11-18', '13:21:28', 6),
(33781282, 33781140, '2015-11-18', '13:25:03', 2),
(33832779, 33832491, '2015-11-20', '17:36:31', 1),
(33918444, 33918130, '2015-11-25', '13:59:41', 1),
(33918584, 33918130, '2015-11-25', '14:06:13', 2),
(34072001, 34071716, '2015-12-03', '17:05:28', 1),
(34072154, 34071716, '2015-12-03', '17:12:58', 5),
(38809714, 34085366, '2016-08-07', '00:02:06', 0),
(34100438, 34100118, '2015-12-05', '02:05:59', 2),
(34101245, 34100118, '2015-12-05', '04:23:06', 0),
(34113527, 34112980, '2015-12-06', '03:02:39', 2),
(34130453, 34112980, '2015-12-07', '09:41:38', 1),
(34256612, 34256592, '2015-12-13', '21:31:33', 1),
(34256682, 34256592, '2015-12-13', '21:38:14', 5),
(34256703, 34256592, '2015-12-13', '21:39:51', 3),
(34301580, 34301579, '2015-12-15', '23:44:27', 5),
(34327821, 34327430, '2015-12-17', '06:16:41', 0),
(34327851, 34327430, '2015-12-17', '06:18:34', 0),
(34339352, 34338162, '2015-12-17', '16:16:39', 3),
(34363831, 34363635, '2015-12-18', '20:55:03', 4),
(34364515, 34363635, '2015-12-18', '21:53:05', 0),
(34365448, 34363635, '2015-12-18', '23:26:04', 0),
(34380919, 34380859, '2015-12-20', '12:17:02', 3),
(34380967, 34380859, '2015-12-20', '12:23:11', 1),
(34395022, 34394938, '2015-12-21', '11:50:05', 1),
(34446345, 34446207, '2015-12-24', '02:05:37', 0),
(34777406, 34777302, '2016-01-13', '21:30:41', 2),
(35785600, 35583483, '2016-03-04', '00:08:38', 1),
(35689169, 35689094, '2016-02-28', '22:36:06', 2),
(35799535, 35703092, '2016-03-04', '15:17:15', 6),
(35703411, 35703285, '2016-02-29', '15:33:39', 1),
(35896241, 35896090, '2016-03-09', '15:48:12', 0),
(35901497, 35896090, '2016-03-09', '20:02:54', 0),
(35949965, 35949853, '2016-03-11', '21:10:48', 0),
(35950480, 35949853, '2016-03-11', '21:43:30', 5),
(35950787, 35949853, '2016-03-11', '22:05:41', 3),
(36580165, 36570911, '2016-04-12', '17:26:37', 5),
(36776765, 36570911, '2016-04-21', '17:36:54', 1),
(37044700, 37044445, '2016-05-05', '07:16:40', 1),
(37107885, 37107832, '2016-05-09', '04:46:19', 3),
(37770210, 37450686, '2016-06-12', '02:38:29', 2),
(37493025, 37477439, '2016-05-27', '22:16:17', 1),
(37526735, 37526598, '2016-05-30', '13:20:05', 3),
(37528134, 37526598, '2016-05-30', '14:28:51', 2),
(38296371, 38292741, '2016-07-10', '20:51:44', 5),
(38416537, 38412251, '2016-07-16', '23:22:11', 0),
(38544333, 38543930, '2016-07-23', '17:02:02', 6),
(38649231, 38648775, '2016-07-29', '01:41:32', 4),
(38966158, 38648775, '2016-08-16', '03:22:34', 2),
(38907769, 38887340, '2016-08-11', '23:47:21', 1),
(38894218, 38894078, '2016-08-11', '10:46:05', 0),
(38894311, 38894078, '2016-08-11', '10:50:24', 0),
(38951389, 38950909, '2016-08-15', '08:02:33', 5),
(39090465, 38966363, '2016-08-23', '00:08:34', 3),
(39097329, 39097257, '2016-08-23', '09:25:24', 2),
(41944508, 39179957, '2017-01-30', '20:06:30', 1),
(39291921, 39291850, '2016-09-02', '11:59:24', 2),
(39292695, 39291850, '2016-09-02', '12:40:34', 2),
(39342804, 39328395, '2016-09-06', '07:17:04', 1),
(39393471, 39393388, '2016-09-08', '14:22:33', 1),
(39580156, 39579959, '2016-09-19', '18:51:23', 3),
(39614972, 39614294, '2016-09-21', '11:13:01', 0),
(39615072, 39614294, '2016-09-21', '11:17:51', 1),
(39780024, 39778385, '2016-09-29', '21:06:11', 1),
(39824905, 39813612, '2016-10-03', '05:10:32', 1),
(39862411, 39862240, '2016-10-04', '21:57:08', 5),
(39994168, 39994054, '2016-10-12', '08:41:17', 0),
(39994300, 39994054, '2016-10-12', '08:48:19', 1),
(40333274, 40332448, '2016-10-30', '20:24:53', 1),
(40396792, 40385195, '2016-11-03', '08:27:13', 0),
(40397042, 40385195, '2016-11-03', '08:43:21', 0),
(40416007, 40415392, '2016-11-04', '05:41:45', 4),
(40434680, 40434424, '2016-11-05', '04:12:30', 2),
(40456495, 40455338, '2016-11-07', '01:19:19', 1),
(40529359, 40528656, '2016-11-10', '13:56:29', 1),
(40640455, 40620646, '2016-11-16', '19:15:35', 0),
(40867350, 40863157, '2016-11-29', '13:38:45', 1),
(40943346, 40897461, '2016-12-03', '01:33:12', 0),
(40953784, 40897461, '2016-12-03', '23:42:56', 1),
(40912330, 40911804, '2016-12-01', '13:47:04', 2),
(40912361, 40911804, '2016-12-01', '13:48:56', 2),
(41008406, 41005932, '2016-12-07', '02:27:19', 3),
(41024589, 41005932, '2016-12-07', '18:20:06', 0),
(41237641, 41228820, '2016-12-20', '08:17:41', 2),
(41234703, 41233923, '2016-12-20', '04:01:20', 1),
(41288132, 41288032, '2016-12-22', '16:53:10', 1),
(41427662, 41425972, '2017-01-02', '13:20:16', 0),
(41493006, 41473982, '2017-01-05', '19:21:00', 1),
(41986437, 41985790, '2017-02-01', '17:53:27', 0),
(42208514, 42207831, '2017-02-13', '16:08:44', 1),
(42217943, 42216740, '2017-02-14', '04:35:32', 3),
(42360705, 42355160, '2017-02-21', '07:02:22', 0),
(42439311, 42436375, '2017-02-24', '13:00:16', 0);

-- --------------------------------------------------------

--
-- Estrutura para tabela `ifdef_perg`
--

CREATE TABLE IF NOT EXISTS `ifdef_perg` (
  `id` int(15) NOT NULL,
  `datap` varchar(15) CHARACTER SET utf8 COLLATE utf8_bin NOT NULL,
  `timep` varchar(8) CHARACTER SET utf8 COLLATE utf8_bin NOT NULL,
  `score` int(5) NOT NULL,
  `answ` int(5) NOT NULL
) ENGINE=InnoDB DEFAULT CHARSET=latin1;

--
-- Fazendo dump de dados para tabela `ifdef_perg`
--

INSERT INTO `ifdef_perg` (`id`, `datap`, `timep`, `score`, `answ`) VALUES
(414788, '2009-01-05', '22:48:36', 1, 3),
(762833, '2009-04-18', '03:40:59', 0, 3),
(764890, '2009-04-19', '05:29:26', 0, 6),
(920560, '2009-05-28', '12:17:08', 29, 17),
(1163718, '2009-07-22', '07:53:26', 6, 1),
(1196808, '2009-07-28', '21:21:08', 7, 3),
(1628588, '2009-10-27', '03:15:27', 0, 3),
(1802107, '2009-11-26', '07:36:43', 3, 6),
(1813853, '2009-11-28', '21:38:27', 91, 7),
(2012496, '2010-01-06', '11:19:58', 6, 8),
(2623462, '2010-04-12', '16:04:48', 4, 4),
(2998864, '2010-06-08', '15:38:34', 99, 1),
(3028691, '2010-06-12', '12:44:45', 0, 1),
(3223753, '2010-07-11', '16:21:17', 4, 2),
(3336200, '2010-07-26', '15:13:55', 0, 3),
(3399019, '2010-08-03', '17:26:36', 1, 3),
(3452355, '2010-08-10', '18:52:41', 1, 2),
(3571457, '2010-08-26', '01:27:57', 4, 1),
(3720034, '2010-09-15', '17:11:43', 6, 3),
(3799091, '2010-09-26', '17:56:56', 1, 8),
(4469550, '2010-12-17', '10:23:41', 2, 4),
(4675481, '2011-01-13', '00:08:47', 1, 2),
(4893681, '2011-02-04', '01:30:26', 0, 1),
(4955965, '2011-02-10', '10:31:42', 0, 1),
(5033666, '2011-02-17', '19:35:34', 6, 2),
(5710635, '2011-04-19', '01:29:21', 1, 1),
(5712253, '2011-04-19', '06:07:40', 2, 1),
(5754857, '2011-04-22', '11:16:36', 7, 5),
(5781843, '2011-04-25', '18:45:31', 1, 3),
(5803819, '2011-04-27', '12:06:50', 1, 1),
(5836813, '2011-04-29', '20:03:10', 0, 1),
(5946218, '2011-05-10', '06:47:57', 6, 4),
(6041021, '2011-05-18', '07:02:29', 1, 1),
(6214690, '2011-06-02', '12:47:15', 3, 2),
(6234755, '2011-06-04', '04:46:42', 5, 2),
(6346821, '2011-06-14', '16:27:49', 4, 5),
(6522526, '2011-06-29', '14:41:13', 6, 2),
(6706076, '2011-07-15', '11:04:26', 6, 8),
(6935080, '2011-08-04', '01:03:49', 4, 1),
(7002719, '2011-08-09', '20:43:12', 9, 1),
(7093663, '2011-08-17', '13:28:33', 1, 5),
(7118314, '2011-08-19', '07:30:33', 2, 2),
(7218671, '2011-08-28', '02:29:45', 5, 2),
(7358629, '2011-09-09', '07:53:00', 1, 3),
(7419167, '2011-09-14', '15:44:51', 3, 2),
(7470537, '2011-09-19', '11:56:03', 13, 2),
(7500911, '2011-09-21', '13:51:21', 2, 1),
(7548975, '2011-09-25', '22:10:26', 9, 8),
(7555326, '2011-09-26', '12:50:24', 2, 3),
(7774623, '2011-10-14', '23:30:41', 1, 1),
(8010234, '2011-11-04', '13:54:12', 12, 8),
(8042821, '2011-11-07', '21:26:44', 0, 1),
(8539510, '2011-12-16', '20:04:58', 1, 3),
(8562412, '2011-12-19', '13:59:36', 0, 3),
(8636235, '2011-12-26', '13:32:33', 0, 1),
(8883818, '2012-01-16', '17:26:13', 11, 2),
(8962633, '2012-01-22', '16:33:49', 0, 3),
(9096018, '2012-02-01', '12:44:02', 5, 1),
(9205316, '2012-02-09', '04:10:43', 2, 3),
(10089739, '2012-04-10', '13:28:14', 1, 1),
(10280321, '2012-04-23', '12:13:53', 4, 1),
(11327941, '2012-07-04', '11:12:39', 3, 1),
(11332203, '2012-07-04', '15:47:10', 0, 1),
(11506277, '2012-07-16', '14:18:02', 3, 3),
(12339969, '2012-09-09', '14:33:50', 0, 1),
(12372855, '2012-09-11', '15:11:07', 1, 0),
(12617667, '2012-09-27', '08:59:22', 2, 2),
(12633345, '2012-09-28', '03:53:24', 2, 1),
(12720877, '2012-10-04', '05:36:42', 0, 1),
(12760828, '2012-10-06', '14:50:16', 1, 1),
(12768306, '2012-10-07', '11:13:24', 6, 2),
(12768942, '2012-10-07', '12:42:49', 0, 2),
(12792968, '2012-10-09', '04:47:47', 0, 2),
(13061947, '2012-10-25', '05:10:08', 0, 4),
(13169943, '2012-11-01', '01:55:23', 1, 2),
(13188732, '2012-11-02', '03:06:26', 1, 2),
(13240081, '2012-11-05', '20:45:41', 1, 3),
(13322041, '2012-11-10', '12:26:10', 0, 1),
(13516476, '2012-11-22', '16:07:20', 17, 2),
(13957970, '2012-12-19', '17:36:06', 1, 1),
(14302846, '2013-01-13', '11:07:25', 1, 1),
(14341709, '2013-01-15', '16:01:54', 0, 2),
(14349844, '2013-01-16', '01:05:45', 7, 2),
(14478859, '2013-01-23', '11:40:57', 0, 2),
(14547495, '2013-01-27', '12:48:57', 0, 0),
(14556336, '2013-01-28', '06:07:40', 3, 2),
(14805073, '2013-02-11', '02:24:54', 0, 3),
(15013060, '2013-02-21', '22:00:31', 1, 1),
(15024382, '2013-02-22', '12:35:53', 0, 1),
(15081471, '2013-02-26', '04:41:16', 1, 3),
(15112042, '2013-02-27', '12:21:56', 1, 1),
(15271127, '2013-03-07', '12:21:18', 2, 1),
(15285927, '2013-03-08', '02:58:05', 1, 1),
(15338879, '2013-03-11', '12:43:13', 3, 2),
(15579950, '2013-03-22', '21:14:26', 0, 1),
(15687138, '2013-03-28', '16:26:24', 0, 3),
(15714812, '2013-03-30', '03:57:55', 1, 1),
(16382589, '2013-05-05', '08:03:45', 3, 2),
(16581888, '2013-05-16', '07:55:53', 3, 6),
(16589908, '2013-05-16', '14:18:05', 0, 1),
(16794425, '2013-05-28', '14:17:54', 3, 4),
(17127665, '2013-06-15', '20:36:57', -1, 1),
(17447838, '2013-07-03', '12:21:09', -3, 2),
(17597032, '2013-07-11', '15:07:43', 1, 0),
(17839708, '2013-07-24', '16:27:09', 0, 1),
(18013310, '2013-08-02', '09:25:17', 0, 1),
(18406622, '2013-08-23', '15:31:38', 5, 2),
(18413118, '2013-08-23', '23:02:30', 2, 1),
(18815237, '2013-09-15', '17:20:47', 0, 1),
(19039874, '2013-09-26', '22:38:26', 2, 0),
(19084981, '2013-09-30', '00:47:40', 3, 3),
(19420893, '2013-10-17', '07:41:38', -1, 1),
(19443464, '2013-10-18', '06:59:19', 1, 0),
(19658441, '2013-10-29', '12:38:14', 0, 1),
(19849217, '2013-11-08', '00:00:56', 4, 1),
(19959390, '2013-11-13', '16:38:46', 2, 1),
(20010689, '2013-11-15', '21:13:09', 0, 1),
(20126330, '2013-11-21', '16:19:36', 0, 1),
(20167124, '2013-11-23', '19:55:25', 2, 1),
(20212789, '2013-11-26', '09:17:47', 0, 1),
(20384656, '2013-12-04', '19:54:02', 1, 3),
(20397675, '2013-12-05', '10:36:56', 1, 4),
(20408608, '2013-12-05', '19:15:40', 0, 1),
(20439640, '2013-12-07', '09:12:05', 6, 1),
(20602738, '2013-12-16', '02:56:17', 1, 1),
(20906861, '2014-01-03', '15:20:06', 1, 2),
(21018466, '2014-01-09', '11:07:36', 2, 2),
(21046825, '2014-01-10', '14:28:32', 0, 1),
(21441302, '2014-01-29', '19:57:15', 0, 0),
(21497131, '2014-02-01', '10:54:41', 1, 0),
(21638522, '2014-02-07', '21:56:40', 0, 0),
(21772256, '2014-02-14', '06:25:50', -1, 2),
(21807231, '2014-02-16', '04:19:51', 1, 1),
(21818182, '2014-02-16', '23:21:41', 0, 1),
(22567563, '2014-03-21', '19:11:40', 2, 1),
(22568939, '2014-03-21', '20:30:32', 0, 1),
(22661464, '2014-03-26', '12:44:04', 0, 2),
(22763040, '2014-03-31', '13:36:31', 1, 1),
(22858721, '2014-04-04', '09:24:55', 0, 1),
(22965411, '2014-04-09', '14:17:13', 1, 3),
(22991068, '2014-04-10', '14:30:54', 0, 2),
(23021328, '2014-04-11', '19:45:04', 1, 2),
(23159031, '2014-04-18', '17:27:10', 2, 1),
(23465797, '2014-05-05', '06:02:15', 1, 0),
(23750693, '2014-05-20', '03:47:41', 0, 2),
(23891347, '2014-05-27', '13:52:33', 2, 2),
(23932172, '2014-05-29', '11:22:44', 0, 1),
(24128158, '2014-06-09', '20:10:04', 0, 1),
(24132030, '2014-06-10', '02:41:52', 1, 1),
(24144652, '2014-06-10', '15:14:47', 0, 1),
(24185952, '2014-06-12', '13:40:21', 3, 1),
(24686003, '2014-07-10', '20:47:51', 0, 1),
(24722241, '2014-07-13', '11:38:15', 0, 1),
(24874273, '2014-07-21', '20:37:42', 1, 1),
(25224541, '2014-08-10', '00:56:30', 2, 2),
(25254614, '2014-08-12', '00:53:35', 1, 1),
(25544587, '2014-08-28', '08:49:53', 0, 2),
(25620281, '2014-09-02', '09:37:17', 0, 1),
(25674476, '2014-09-04', '20:29:37', 1, 0),
(25707982, '2014-09-07', '07:16:58', 1, 0),
(25854618, '2014-09-15', '18:35:59', 0, 0),
(25955898, '2014-09-21', '04:45:06', 0, 1),
(26128182, '2014-09-30', '19:02:24', 5, 0),
(26320210, '2014-10-11', '23:11:47', 0, 1),
(26407608, '2014-10-16', '14:59:52', 0, 1),
(26624020, '2014-10-29', '06:32:24', -1, 1),
(26729319, '2014-11-04', '06:55:34', 5, 2),
(26782897, '2014-11-06', '15:16:19', 1, 1),
(27104182, '2014-11-24', '11:50:30', -1, 1),
(27170165, '2014-11-27', '11:55:50', 0, 4),
(27399366, '2014-12-10', '11:02:47', 1, 1),
(27411947, '2014-12-10', '22:20:03', 0, 1),
(27616789, '2014-12-23', '08:40:32', 1, 2),
(27920632, '2015-01-13', '11:03:41', 0, 1),
(28334715, '2015-02-05', '01:29:16', 3, 1),
(28382619, '2015-02-07', '13:23:22', 1, 1),
(28879296, '2015-03-05', '13:45:27', 0, 1),
(28999047, '2015-03-11', '23:03:47', 0, 1),
(29062236, '2015-03-15', '15:15:07', -1, 1),
(29465283, '2015-04-06', '04:18:42', 0, 1),
(29616060, '2015-04-13', '22:21:27', 0, 1),
(29909665, '2015-04-28', '03:16:24', 9, 4),
(29944454, '2015-04-29', '12:57:22', 0, 2),
(30182018, '2015-05-12', '04:50:39', 0, 1),
(30312874, '2015-05-18', '21:10:19', 2, 1),
(30418119, '2015-05-23', '22:18:09', 3, 1),
(30465466, '2015-05-26', '17:49:06', 0, 2),
(30470528, '2015-05-26', '23:11:47', 1, 2),
(31072240, '2015-06-26', '11:38:08', 0, 1),
(31192189, '2015-07-02', '18:38:02', 0, 3),
(31580871, '2015-07-23', '07:31:53', 1, 1),
(31657499, '2015-07-27', '15:44:25', 7, 1),
(31842275, '2015-08-05', '20:32:37', -1, 2),
(31872889, '2015-08-07', '08:20:20', -1, 5),
(31892863, '2015-08-08', '11:56:32', 0, 1),
(31943286, '2015-08-11', '13:33:41', 0, 1),
(32145352, '2015-08-21', '16:37:18', 1, 3),
(32351687, '2015-09-02', '11:17:13', 2, 1),
(32427967, '2015-09-06', '20:27:12', 1, 2),
(32647391, '2015-09-18', '08:32:33', 1, 2),
(32936849, '2015-10-04', '18:28:26', 1, 1),
(33630829, '2015-11-10', '13:12:32', 1, 1),
(33668613, '2015-11-12', '09:54:13', 0, 0),
(33673405, '2015-11-12', '14:10:26', 0, 1),
(34031152, '2015-12-01', '22:09:22', 1, 1),
(34086390, '2015-12-04', '10:39:30', 2, 6),
(34146392, '2015-12-08', '01:21:16', 2, 2),
(34195944, '2015-12-10', '07:23:36', 0, 0),
(34337679, '2015-12-17', '15:00:04', 0, 2),
(34688765, '2016-01-09', '01:37:04', 0, 2),
(34814419, '2016-01-15', '15:26:55', 0, 1),
(34906527, '2016-01-20', '17:23:37', 0, 0),
(35193638, '2016-02-04', '06:04:15', 0, 1),
(35432678, '2016-02-16', '12:30:16', 0, 0),
(35609911, '2016-02-24', '18:15:54', -1, 1),
(35677969, '2016-02-28', '02:21:38', 1, 2),
(35713037, '2016-03-01', '01:24:45', 0, 0),
(35872256, '2016-03-08', '16:07:48', 0, 1),
(35875835, '2016-03-08', '19:04:27', 0, 3),
(35990734, '2016-03-14', '14:49:29', 1, 1),
(36137376, '2016-03-21', '17:04:13', 1, 1),
(36437438, '2016-04-05', '21:31:16', 0, 1),
(36685875, '2016-04-18', '05:12:26', 0, 0),
(36752850, '2016-04-20', '19:00:54', 1, 2),
(36933519, '2016-04-29', '08:37:53', 1, 1),
(36950049, '2016-04-30', '02:31:10', -1, 1),
(36953612, '2016-04-30', '10:17:01', -2, 2),
(37444142, '2016-05-25', '17:38:04', 0, 1),
(37742770, '2016-06-10', '07:48:45', 2, 1),
(38055533, '2016-06-27', '13:41:31', 1, 0),
(38093929, '2016-06-29', '08:13:56', 1, 0),
(38179848, '2016-07-04', '08:17:19', 1, 0),
(38405070, '2016-07-15', '21:09:40', 0, 1),
(38783156, '2016-08-05', '07:05:43', 0, 1),
(39239624, '2016-08-31', '02:01:48', 1, 3),
(39317175, '2016-09-04', '13:00:52', 0, 1),
(39380742, '2016-09-08', '00:12:22', 0, 1),
(39826865, '2016-10-03', '07:56:02', 8, 2),
(39829098, '2016-10-03', '10:06:42', 0, 2),
(40178080, '2016-10-21', '13:34:59', 1, 2),
(40622976, '2016-11-16', '02:14:05', 6, 0),
(40836919, '2016-11-28', '03:52:40', 0, 1),
(40895677, '2016-11-30', '18:31:49', 1, 1),
(40978316, '2016-12-05', '16:01:42', 1, 2),
(41235819, '2016-12-20', '06:00:07', 0, 0),
(41783677, '2017-01-21', '19:40:49', 0, 0),
(42063553, '2017-02-06', '08:44:22', 0, 2),
(42139302, '2017-02-09', '14:28:57', -1, 1),
(42201335, '2017-02-13', '10:04:12', 1, 1),
(42268950, '2017-02-16', '08:49:39', 0, 1),
(42291816, '2017-02-17', '07:25:12', 0, 1),
(42298817, '2017-02-17', '13:08:15', 0, 1),
(42356633, '2017-02-21', '00:32:52', 1, 0),
(42519814, '2017-02-28', '22:20:47', -1, 1),
(42566232, '2017-03-02', '21:22:54', 0, 0),
(42604745, '2017-03-05', '05:08:03', -2, 1),
(42611197, '2017-03-05', '16:56:20', 0, 0),
(42712240, '2017-03-10', '07:01:16', 1, 1);

-- --------------------------------------------------------

--
-- Estrutura para tabela `ifdef_resp`
--

CREATE TABLE IF NOT EXISTS `ifdef_resp` (
  `id` int(15) NOT NULL,
  `parentalid` int(15) NOT NULL,
  `datar` varchar(15) CHARACTER SET utf8 COLLATE utf8_bin NOT NULL,
  `timer` varchar(8) CHARACTER SET utf8 COLLATE utf8_bin NOT NULL,
  `score` int(5) NOT NULL
) ENGINE=InnoDB DEFAULT CHARSET=latin1;

--
-- Fazendo dump de dados para tabela `ifdef_resp`
--

INSERT INTO `ifdef_resp` (`id`, `parentalid`, `datar`, `timer`, `score`) VALUES
(414806, 414788, '2009-01-05', '22:55:09', 1),
(414840, 414788, '2009-01-05', '23:03:34', 0),
(418615, 414788, '2009-01-06', '23:28:24', 1),
(762847, 762833, '2009-04-18', '03:56:52', 9),
(762849, 762833, '2009-04-18', '03:59:49', 0),
(762853, 762833, '2009-04-18', '04:01:16', 2),
(764915, 764890, '2009-04-19', '05:51:54', -2),
(765008, 764890, '2009-04-19', '07:25:17', 1),
(765012, 764890, '2009-04-19', '07:30:50', 1),
(765621, 764890, '2009-04-19', '16:01:07', 1),
(765627, 764890, '2009-04-19', '16:05:40', 1),
(765635, 764890, '2009-04-19', '16:11:23', 0),
(920572, 920560, '2009-05-28', '12:21:30', 9),
(920576, 920560, '2009-05-28', '12:23:05', 7),
(920608, 920560, '2009-05-28', '12:34:07', 4),
(920836, 920560, '2009-05-28', '13:25:38', 3),
(921064, 920560, '2009-05-28', '14:15:30', 5),
(922090, 920560, '2009-05-28', '17:12:30', 9),
(922797, 920560, '2009-05-28', '19:39:15', 3),
(922928, 920560, '2009-05-28', '20:17:24', 1),
(923303, 920560, '2009-05-28', '21:29:57', 2),
(925308, 920560, '2009-05-29', '10:14:14', 1),
(925574, 920560, '2009-05-29', '11:31:30', 2),
(929528, 920560, '2009-05-30', '10:49:27', 3),
(930263, 920560, '2009-05-30', '18:17:14', 2),
(932434, 920560, '2009-05-31', '16:49:16', 0),
(934817, 920560, '2009-06-01', '13:28:25', 1),
(1238048, 920560, '2009-08-06', '10:14:35', 0),
(33876408, 920560, '2015-11-23', '16:55:07', 0),
(1163765, 1163718, '2009-07-22', '08:10:24', 11),
(1196860, 1196808, '2009-07-28', '21:30:09', 0),
(1196895, 1196808, '2009-07-28', '21:38:09', 10),
(29903620, 1196808, '2015-04-27', '18:44:43', 3),
(1628594, 1628588, '2009-10-27', '03:17:22', 0),
(1628616, 1628588, '2009-10-27', '03:27:48', 0),
(1628617, 1628588, '2009-10-27', '03:28:09', 3),
(1802112, 1802107, '2009-11-26', '07:38:15', 3),
(1802114, 1802107, '2009-11-26', '07:38:59', 3),
(1802115, 1802107, '2009-11-26', '07:39:02', 2),
(1802139, 1802107, '2009-11-26', '07:47:43', 2),
(1802143, 1802107, '2009-11-26', '07:48:33', 4),
(1802161, 1802107, '2009-11-26', '07:52:27', 1),
(1813857, 1813853, '2009-11-28', '21:40:53', 2),
(1813859, 1813853, '2009-11-28', '21:41:36', 0),
(1813871, 1813853, '2009-11-28', '21:49:44', 41),
(1813873, 1813853, '2009-11-28', '21:50:48', 108),
(1813944, 1813853, '2009-11-28', '22:16:08', 11),
(11469181, 1813853, '2012-07-13', '11:01:31', 2),
(32695598, 1813853, '2015-09-21', '12:45:22', 0),
(2012617, 2012496, '2010-01-06', '11:40:51', -3),
(2012715, 2012496, '2010-01-06', '11:55:40', 4),
(2012734, 2012496, '2010-01-06', '12:00:40', -2),
(2012830, 2012496, '2010-01-06', '12:22:14', -1),
(2017387, 2012496, '2010-01-07', '00:28:11', 0),
(2019014, 2012496, '2010-01-07', '08:14:39', 2),
(2019018, 2012496, '2010-01-07', '08:15:12', 0),
(2089201, 2012496, '2010-01-18', '21:03:53', 1),
(2623496, 2623462, '2010-04-12', '16:07:37', 3),
(2623988, 2623462, '2010-04-12', '17:24:16', 3),
(2624005, 2623462, '2010-04-12', '17:28:19', 1),
(2625303, 2623462, '2010-04-12', '20:44:47', 1),
(2998876, 2998864, '2010-06-08', '15:39:41', 207),
(3028859, 3028691, '2010-06-12', '13:41:18', 0),
(3223772, 3223753, '2010-07-11', '16:26:42', 5),
(3224595, 3223753, '2010-07-11', '20:55:39', 3),
(3336254, 3336200, '2010-07-26', '15:19:06', 3),
(3336303, 3336200, '2010-07-26', '15:25:58', -1),
(3337458, 3336200, '2010-07-26', '17:47:43', 6),
(3399184, 3399019, '2010-08-03', '17:48:06', 2),
(3399189, 3399019, '2010-08-03', '17:48:49', 0),
(3400492, 3399019, '2010-08-03', '20:23:56', 0),
(3453709, 3452355, '2010-08-10', '21:46:57', 1),
(3454055, 3452355, '2010-08-10', '22:42:14', 2),
(3571475, 3571457, '2010-08-26', '01:36:48', 4),
(3720075, 3720034, '2010-09-15', '17:17:51', 13),
(6612884, 3720034, '2011-07-07', '15:13:20', 3),
(9948398, 3720034, '2012-03-30', '18:19:12', -1),
(3799111, 3799091, '2010-09-26', '18:01:14', 3),
(3799114, 3799091, '2010-09-26', '18:01:44', 1),
(3799149, 3799091, '2010-09-26', '18:07:46', 2),
(3799180, 3799091, '2010-09-26', '18:14:43', 3),
(3799185, 3799091, '2010-09-26', '18:16:35', 0),
(3799254, 3799091, '2010-09-26', '18:37:07', 3),
(3799275, 3799091, '2010-09-26', '18:42:33', 1),
(3799276, 3799091, '2010-09-26', '18:42:50', 2),
(4469566, 4469550, '2010-12-17', '10:26:23', 3),
(4469570, 4469550, '2010-12-17', '10:27:13', 2),
(4469591, 4469550, '2010-12-17', '10:29:47', 1),
(4469613, 4469550, '2010-12-17', '10:32:28', 2),
(4911017, 4675481, '2011-02-06', '01:57:28', 0),
(6957013, 4675481, '2011-08-05', '13:24:07', 0),
(4893849, 4893681, '2011-02-04', '02:03:56', 0),
(4956167, 4955965, '2011-02-10', '10:54:59', 0),
(5033684, 5033666, '2011-02-17', '19:37:31', 13),
(5033741, 5033666, '2011-02-17', '19:42:02', 15),
(5710818, 5710635, '2011-04-19', '02:05:03', 2),
(5786982, 5712253, '2011-04-26', '06:54:43', 0),
(5754907, 5754857, '2011-04-22', '11:23:35', 6),
(5754956, 5754857, '2011-04-22', '11:28:32', 2),
(5755219, 5754857, '2011-04-22', '12:06:43', 0),
(5755340, 5754857, '2011-04-22', '12:20:34', 0),
(7218838, 5754857, '2011-08-28', '03:17:00', 0),
(5781914, 5781843, '2011-04-25', '18:53:12', 1),
(5782014, 5781843, '2011-04-25', '19:01:47', 2),
(13676658, 5781843, '2012-12-03', '03:11:58', 1),
(5904647, 5803819, '2011-05-05', '22:02:33', 0),
(5836897, 5836813, '2011-04-29', '20:10:51', 1),
(5946252, 5946218, '2011-05-10', '06:52:10', 6),
(5946325, 5946218, '2011-05-10', '07:00:18', 2),
(5946479, 5946218, '2011-05-10', '07:15:16', 6),
(17253045, 5946218, '2013-06-22', '16:47:52', -1),
(6069732, 6041021, '2011-05-20', '09:08:18', 0),
(6214782, 6214690, '2011-06-02', '12:55:50', 2),
(6214799, 6214690, '2011-06-02', '12:57:19', 1),
(6234767, 6234755, '2011-06-04', '04:49:54', 8),
(6238733, 6234755, '2011-06-04', '18:54:15', 0),
(6346843, 6346821, '2011-06-14', '16:29:34', 7),
(6346851, 6346821, '2011-06-14', '16:30:11', 13),
(6346855, 6346821, '2011-06-14', '16:30:32', 2),
(6346893, 6346821, '2011-06-14', '16:33:23', 1),
(6347185, 6346821, '2011-06-14', '16:55:42', 3),
(6579121, 6522526, '2011-07-05', '07:16:46', 5),
(6579722, 6522526, '2011-07-05', '08:20:26', 6),
(6706111, 6706076, '2011-07-15', '11:06:48', -2),
(6706149, 6706076, '2011-07-15', '11:10:07', 1),
(6706162, 6706076, '2011-07-15', '11:11:17', 10),
(6706171, 6706076, '2011-07-15', '11:11:46', 4),
(6706293, 6706076, '2011-07-15', '11:22:42', 2),
(6706316, 6706076, '2011-07-15', '11:24:50', 4),
(6706367, 6706076, '2011-07-15', '11:30:10', 0),
(6707023, 6706076, '2011-07-15', '12:35:42', 1),
(10110564, 6935080, '2012-04-11', '17:01:06', 2),
(7002756, 7002719, '2011-08-09', '20:45:28', 19),
(7093713, 7093663, '2011-08-17', '13:31:51', 4),
(7093726, 7093663, '2011-08-17', '13:32:22', 0),
(7093729, 7093663, '2011-08-17', '13:32:37', 1),
(7102578, 7093663, '2011-08-18', '04:57:46', 0),
(7141356, 7093663, '2011-08-21', '21:40:55', 1),
(7119147, 7118314, '2011-08-19', '08:51:47', 1),
(7120431, 7118314, '2011-08-19', '10:41:12', 1),
(17773572, 7218671, '2013-07-21', '14:49:21', 0),
(30444617, 7218671, '2015-05-25', '19:09:56', 1),
(7358651, 7358629, '2011-09-09', '07:55:14', 9),
(7358658, 7358629, '2011-09-09', '07:55:46', 2),
(7358726, 7358629, '2011-09-09', '08:02:26', 1),
(7419339, 7419167, '2011-09-14', '15:58:24', 4),
(7419386, 7419167, '2011-09-14', '16:01:37', 1),
(7470586, 7470537, '2011-09-19', '11:59:18', 16),
(7471184, 7470537, '2011-09-19', '12:48:54', 28),
(7501038, 7500911, '2011-09-21', '13:57:41', 3),
(7549144, 7548975, '2011-09-25', '22:48:20', 2),
(7580191, 7548975, '2011-09-28', '08:14:55', 1),
(7604607, 7548975, '2011-09-29', '23:51:38', 7),
(7615638, 7548975, '2011-09-30', '20:17:57', 0),
(7618687, 7548975, '2011-10-01', '06:49:01', 0),
(7638691, 7548975, '2011-10-03', '17:48:43', 1),
(7653434, 7548975, '2011-10-04', '20:06:30', 0),
(7654637, 7548975, '2011-10-04', '22:11:05', 1),
(7556319, 7555326, '2011-09-26', '14:05:34', -1),
(7556396, 7555326, '2011-09-26', '14:12:11', 0),
(7556845, 7555326, '2011-09-26', '14:41:30', 4),
(7775219, 7774623, '2011-10-15', '01:44:02', 1),
(8010334, 8010234, '2011-11-04', '14:01:15', 1),
(8010346, 8010234, '2011-11-04', '14:01:57', 2),
(8010358, 8010234, '2011-11-04', '14:02:39', 1),
(8010366, 8010234, '2011-11-04', '14:02:55', 7),
(8010674, 8010234, '2011-11-04', '14:22:31', 1),
(8011698, 8010234, '2011-11-04', '15:27:56', 1),
(8012461, 8010234, '2011-11-04', '16:21:15', 11),
(8014210, 8010234, '2011-11-04', '18:39:12', 7),
(8042953, 8042821, '2011-11-07', '21:37:35', 0),
(8539621, 8539510, '2011-12-16', '20:15:05', 1),
(8539630, 8539510, '2011-12-16', '20:16:02', 1),
(8539835, 8539510, '2011-12-16', '20:37:32', 1),
(8562507, 8562412, '2011-12-19', '14:07:16', 0),
(11282323, 8562412, '2012-07-01', '13:22:47', 0),
(11282533, 8562412, '2012-07-01', '13:53:44', 1),
(8640178, 8636235, '2011-12-27', '00:32:36', 0),
(8884101, 8883818, '2012-01-16', '17:47:01', 35),
(8884551, 8883818, '2012-01-16', '18:27:20', 2),
(8962836, 8962633, '2012-01-22', '17:01:02', 0),
(8963016, 8962633, '2012-01-22', '17:24:05', 0),
(8963207, 8962633, '2012-01-22', '17:53:10', 1),
(9107699, 9096018, '2012-02-02', '05:42:13', 5),
(9205425, 9205316, '2012-02-09', '04:27:53', 1),
(9205680, 9205316, '2012-02-09', '05:02:52', 5),
(9206069, 9205316, '2012-02-09', '05:55:18', 0),
(10103685, 10089739, '2012-04-11', '09:56:35', 6),
(10326019, 10280321, '2012-04-26', '01:18:16', 1),
(11336881, 11327941, '2012-07-05', '01:24:12', 2),
(11376592, 11332203, '2012-07-07', '16:10:36', 0),
(11506454, 11506277, '2012-07-16', '14:28:16', 2),
(11506649, 11506277, '2012-07-16', '14:40:16', 2),
(11507090, 11506277, '2012-07-16', '15:05:30', 1),
(12340031, 12339969, '2012-09-09', '14:43:13', 2),
(12617803, 12617667, '2012-09-27', '09:06:41', 0),
(12617843, 12617667, '2012-09-27', '09:09:20', 1),
(12633781, 12633345, '2012-09-28', '04:53:54', 0),
(12727653, 12720877, '2012-10-04', '12:47:33', 1),
(12760960, 12760828, '2012-10-06', '15:09:32', 4),
(12771019, 12768306, '2012-10-07', '17:17:30', 0),
(12771675, 12768306, '2012-10-07', '18:39:56', 9),
(12768965, 12768942, '2012-10-07', '12:45:28', 8),
(12798275, 12768942, '2012-10-09', '10:40:45', 0),
(12818099, 12792968, '2012-10-10', '11:19:54', 3),
(13089117, 12792968, '2012-10-26', '14:44:14', 1),
(13061972, 13061947, '2012-10-25', '05:12:28', 1),
(13061989, 13061947, '2012-10-25', '05:14:20', 1),
(13061993, 13061947, '2012-10-25', '05:14:32', 2),
(13062301, 13061947, '2012-10-25', '05:45:07', 0),
(13169961, 13169943, '2012-11-01', '01:57:37', 5),
(13169963, 13169943, '2012-11-01', '01:57:55', 1),
(13188744, 13188732, '2012-11-02', '03:08:07', 3),
(13188746, 13188732, '2012-11-02', '03:08:10', 2),
(13240094, 13240081, '2012-11-05', '20:46:43', 1),
(13240103, 13240081, '2012-11-05', '20:47:02', 4),
(13240112, 13240081, '2012-11-05', '20:47:31', 2),
(13323602, 13322041, '2012-11-10', '16:06:00', 0),
(16360980, 13516476, '2013-05-03', '14:13:34', 14),
(30674266, 13516476, '2015-06-05', '19:23:30', 1),
(14728142, 13957970, '2013-02-06', '11:38:57', 0),
(14303882, 14302846, '2013-01-13', '13:20:15', 2),
(14342483, 14341709, '2013-01-15', '16:42:18', 1),
(14342611, 14341709, '2013-01-15', '16:50:30', 1),
(14349882, 14349844, '2013-01-16', '01:09:12', 14),
(31875876, 14349844, '2015-08-07', '10:47:41', -1),
(14478950, 14478859, '2013-01-23', '11:45:53', 1),
(14480324, 14478859, '2013-01-23', '12:58:50', -2),
(14556421, 14556336, '2013-01-28', '06:15:04', 2),
(14556425, 14556336, '2013-01-28', '06:15:33', -1),
(14805165, 14805073, '2013-02-11', '02:41:55', 2),
(14812759, 14805073, '2013-02-11', '13:14:41', 3),
(14824398, 14805073, '2013-02-12', '02:13:02', 1),
(15021317, 15013060, '2013-02-22', '09:53:18', 0),
(15024576, 15024382, '2013-02-22', '12:45:30', 0),
(15081507, 15081471, '2013-02-26', '04:44:07', 2),
(15081515, 15081471, '2013-02-26', '04:44:57', 2),
(15081546, 15081471, '2013-02-26', '04:47:37', 1),
(15145742, 15112042, '2013-02-28', '21:13:20', 1),
(17265581, 15271127, '2013-06-23', '21:37:38', 0),
(15292364, 15285927, '2013-03-08', '10:57:29', 3),
(15338976, 15338879, '2013-03-11', '12:48:11', 1),
(15359165, 15338879, '2013-03-12', '10:50:03', 4),
(15580059, 15579950, '2013-03-22', '21:21:14', 1),
(15687196, 15687138, '2013-03-28', '16:29:03', 1),
(15687204, 15687138, '2013-03-28', '16:29:24', 5),
(15693120, 15687138, '2013-03-28', '22:14:43', 1),
(15715139, 15714812, '2013-03-30', '04:59:05', 3),
(16383712, 16382589, '2013-05-05', '10:47:05', 1),
(16387218, 16382589, '2013-05-05', '17:37:35', 3),
(16581996, 16581888, '2013-05-16', '08:01:11', 7),
(16582092, 16581888, '2013-05-16', '08:06:21', 2),
(16582221, 16581888, '2013-05-16', '08:13:12', 1),
(16582465, 16581888, '2013-05-16', '08:26:44', 1),
(16582563, 16581888, '2013-05-16', '08:31:07', 3),
(16582903, 16581888, '2013-05-16', '08:48:42', -1),
(16590284, 16589908, '2013-05-16', '14:33:10', 0),
(16794533, 16794425, '2013-05-28', '14:23:16', 3),
(16794569, 16794425, '2013-05-28', '14:25:03', 4),
(16795035, 16794425, '2013-05-28', '14:47:05', 1),
(16795305, 16794425, '2013-05-28', '14:59:34', 1),
(17134427, 17127665, '2013-06-16', '14:39:54', 0),
(17448052, 17447838, '2013-07-03', '12:31:04', 2),
(17448126, 17447838, '2013-07-03', '12:34:14', 1),
(17839795, 17839708, '2013-07-24', '16:31:02', 1),
(18055301, 18013310, '2013-08-05', '09:56:14', 0),
(18406726, 18406622, '2013-08-23', '15:37:08', 19),
(18407065, 18406622, '2013-08-23', '15:55:45', 3),
(18421515, 18413118, '2013-08-24', '17:57:46', 2),
(18815474, 18815237, '2013-09-15', '17:43:36', 1),
(19085317, 19084981, '2013-09-30', '01:46:36', 0),
(19097953, 19084981, '2013-09-30', '15:22:27', 4),
(42561035, 19084981, '2017-03-02', '16:40:53', 1),
(19522069, 19420893, '2013-10-22', '15:26:40', 0),
(19658491, 19658441, '2013-10-29', '12:40:31', 7),
(19850568, 19849217, '2013-11-08', '02:30:08', 1),
(19959485, 19959390, '2013-11-13', '16:42:46', 2),
(20010718, 20010689, '2013-11-15', '21:14:57', 0),
(20128800, 20126330, '2013-11-21', '18:14:38', 0),
(20167541, 20167124, '2013-11-23', '20:34:35', 7),
(20213743, 20212789, '2013-11-26', '09:58:31', 1),
(20384767, 20384656, '2013-12-04', '20:01:44', 4),
(20384788, 20384656, '2013-12-04', '20:02:40', 0),
(20384875, 20384656, '2013-12-04', '20:07:48', 4),
(20397746, 20397675, '2013-12-05', '10:40:22', 0),
(20397816, 20397675, '2013-12-05', '10:43:04', 4),
(20397926, 20397675, '2013-12-05', '10:48:40', 5),
(20398134, 20397675, '2013-12-05', '10:57:18', 1),
(20434319, 20408608, '2013-12-06', '21:57:58', 0),
(20472017, 20439640, '2013-12-09', '13:38:04', 10),
(20602867, 20602738, '2013-12-16', '03:14:34', 0),
(21051543, 20906861, '2014-01-10', '18:19:35', 0),
(21056082, 20906861, '2014-01-10', '23:03:07', 0),
(21018588, 21018466, '2014-01-09', '11:13:20', 2),
(21018628, 21018466, '2014-01-09', '11:15:09', 3),
(21047237, 21046825, '2014-01-10', '14:47:19', 1),
(21772521, 21772256, '2014-02-14', '06:42:52', 0),
(21772924, 21772256, '2014-02-14', '07:07:40', -1),
(21858770, 21807231, '2014-02-18', '15:52:10', 0),
(21818274, 21818182, '2014-02-16', '23:30:16', 2),
(22569372, 22567563, '2014-03-21', '20:55:02', 0),
(22569022, 22568939, '2014-03-21', '20:35:13', 2),
(22661573, 22661464, '2014-03-26', '12:48:40', 2),
(22661675, 22661464, '2014-03-26', '12:53:16', 1),
(22769451, 22763040, '2014-03-31', '18:33:14', 0),
(22873227, 22858721, '2014-04-04', '21:20:39', 0),
(22965862, 22965411, '2014-04-09', '14:35:00', 0),
(22966584, 22965411, '2014-04-09', '15:02:24', 0),
(22966718, 22965411, '2014-04-09', '15:07:35', 0),
(22994077, 22991068, '2014-04-10', '16:44:12', 3),
(22994093, 22991068, '2014-04-10', '16:44:59', 1),
(23021603, 23021328, '2014-04-11', '20:02:39', 1),
(23031452, 23021328, '2014-04-12', '14:09:19', 0),
(23159449, 23159031, '2014-04-18', '17:53:48', 1),
(23750950, 23750693, '2014-05-20', '04:20:26', 2),
(23765974, 23750693, '2014-05-20', '17:07:48', 0),
(23905962, 23891347, '2014-05-28', '08:05:07', 1),
(23955188, 23891347, '2014-05-30', '12:56:48', 0),
(23935995, 23932172, '2014-05-29', '14:38:16', 0),
(24128190, 24128158, '2014-06-09', '20:12:43', 4),
(24132090, 24132030, '2014-06-10', '02:50:52', 4),
(24144973, 24144652, '2014-06-10', '15:29:19', 0),
(24650015, 24185952, '2014-07-09', '09:30:40', 2),
(24718370, 24686003, '2014-07-13', '00:00:13', 0),
(24738583, 24722241, '2014-07-14', '14:13:39', 1),
(24874668, 24874273, '2014-07-21', '21:00:43', 1),
(25291859, 25224541, '2014-08-13', '16:50:37', 1),
(26204923, 25224541, '2014-10-05', '16:52:17', 0),
(25496159, 25254614, '2014-08-26', '00:13:53', 1),
(25547098, 25544587, '2014-08-28', '10:55:28', 0),
(25567419, 25544587, '2014-08-29', '11:32:09', 1),
(25623116, 25620281, '2014-09-02', '12:10:08', 1),
(25956256, 25955898, '2014-09-21', '05:52:14', 0),
(26320230, 26320210, '2014-10-11', '23:14:44', 2),
(26408019, 26407608, '2014-10-16', '15:17:44', 1),
(26625244, 26624020, '2014-10-29', '07:58:07', 0),
(26731153, 26729319, '2014-11-04', '09:02:12', 1),
(26731188, 26729319, '2014-11-04', '09:04:16', 2),
(26977349, 26782897, '2014-11-17', '16:34:51', 0),
(27104708, 27104182, '2014-11-24', '12:16:51', 0),
(27170307, 27170165, '2014-11-27', '12:01:49', 1),
(27226740, 27170165, '2014-12-01', '10:51:00', 0),
(27226976, 27170165, '2014-12-01', '11:03:09', 0),
(27351558, 27170165, '2014-12-08', '04:43:34', 1),
(27416085, 27399366, '2014-12-11', '05:38:49', 0),
(28515239, 27411947, '2015-02-14', '11:39:21', 0),
(27616843, 27616789, '2014-12-23', '08:44:56', 3),
(27616868, 27616789, '2014-12-23', '08:46:37', 3),
(27921097, 27920632, '2015-01-13', '11:28:35', 0),
(28374614, 28334715, '2015-02-06', '20:54:08', 1),
(28383086, 28382619, '2015-02-07', '14:07:56', 1),
(28960222, 28879296, '2015-03-10', '09:36:02', 0),
(29047007, 28999047, '2015-03-14', '08:31:09', 0),
(29065805, 29062236, '2015-03-15', '20:26:37', 0),
(29465602, 29465283, '2015-04-06', '04:57:13', 1),
(29620738, 29616060, '2015-04-14', '06:39:45', 0),
(29913027, 29909665, '2015-04-28', '07:29:58', 5),
(29914091, 29909665, '2015-04-28', '08:21:59', 1),
(29924636, 29909665, '2015-04-28', '16:15:02', 0),
(29991961, 29909665, '2015-05-01', '17:35:06', 0),
(29944725, 29944454, '2015-04-29', '13:08:02', 1),
(29944737, 29944454, '2015-04-29', '13:08:26', 1),
(30182771, 30182018, '2015-05-12', '05:51:01', 1),
(30313098, 30312874, '2015-05-18', '21:28:34', 1),
(30418302, 30418119, '2015-05-23', '22:47:39', 1),
(30469973, 30465466, '2015-05-26', '22:24:10', 0),
(30472925, 30465466, '2015-05-27', '04:01:07', 0),
(30470566, 30470528, '2015-05-26', '23:16:07', 5),
(30470571, 30470528, '2015-05-26', '23:17:11', 3),
(31072381, 31072240, '2015-06-26', '11:45:35', 2),
(31192293, 31192189, '2015-07-02', '18:44:46', 1),
(31192374, 31192189, '2015-07-02', '18:49:58', 2),
(31192765, 31192189, '2015-07-02', '19:11:37', 0),
(31733169, 31580871, '2015-07-30', '20:13:30', 1),
(31658120, 31657499, '2015-07-27', '16:12:18', 12),
(31842697, 31842275, '2015-08-05', '20:58:11', 1),
(31842732, 31842275, '2015-08-05', '21:00:37', 0),
(31872995, 31872889, '2015-08-07', '08:27:07', 4),
(31872998, 31872889, '2015-08-07', '08:27:16', 0),
(31873050, 31872889, '2015-08-07', '08:29:51', 1),
(31873055, 31872889, '2015-08-07', '08:30:09', 0),
(31873112, 31872889, '2015-08-07', '08:32:33', 0),
(33488954, 31892863, '2015-11-02', '23:34:24', 1),
(31993346, 31943286, '2015-08-13', '16:08:00', 0),
(32146187, 32145352, '2015-08-21', '17:31:50', 1),
(32157882, 32145352, '2015-08-22', '15:39:21', 1),
(32162566, 32145352, '2015-08-23', '02:19:30', 2),
(32374641, 32351687, '2015-09-03', '11:41:31', 2),
(32428128, 32427967, '2015-09-06', '20:44:37', 0),
(33173566, 32427967, '2015-10-16', '14:55:46', 0),
(32649698, 32647391, '2015-09-18', '10:25:40', 1),
(32802118, 32647391, '2015-09-26', '21:18:06', 0),
(32937574, 32936849, '2015-10-04', '19:36:09', 0),
(33631120, 33630829, '2015-11-10', '13:27:32', 2),
(33674058, 33673405, '2015-11-12', '14:42:54', 0),
(34036063, 34031152, '2015-12-02', '06:15:23', 1),
(34086718, 34086390, '2015-12-04', '10:55:43', 1),
(34086721, 34086390, '2015-12-04', '10:56:05', 1),
(34086744, 34086390, '2015-12-04', '10:57:00', 0),
(34086807, 34086390, '2015-12-04', '11:00:20', 3),
(34086956, 34086390, '2015-12-04', '11:07:33', 0),
(34087095, 34086390, '2015-12-04', '11:14:48', 2),
(34148942, 34146392, '2015-12-08', '05:52:36', 1),
(34150046, 34146392, '2015-12-08', '07:13:45', 1),
(34337820, 34337679, '2015-12-17', '15:07:38', 2),
(34337883, 34337679, '2015-12-17', '15:10:28', 2),
(34688805, 34688765, '2016-01-09', '01:42:09', 0),
(34689884, 34688765, '2016-01-09', '05:04:23', 0),
(34815201, 34814419, '2016-01-15', '16:08:47', 0),
(35200999, 35193638, '2016-02-04', '12:25:58', 0),
(35613634, 35609911, '2016-02-24', '21:36:08', 0),
(35678165, 35677969, '2016-02-28', '02:57:17', 1),
(35681304, 35677969, '2016-02-28', '10:24:28', 1),
(35875871, 35872256, '2016-03-08', '19:06:24', 3),
(35876011, 35875835, '2016-03-08', '19:13:03', 2),
(35876103, 35875835, '2016-03-08', '19:17:38', 0),
(35876476, 35875835, '2016-03-08', '19:35:48', 1),
(36004746, 35990734, '2016-03-15', '07:13:48', 1),
(36137499, 36137376, '2016-03-21', '17:10:30', 8),
(36437691, 36437438, '2016-04-05', '21:49:03', 3),
(36752959, 36752850, '2016-04-20', '19:06:49', 3),
(36753365, 36752850, '2016-04-20', '19:28:20', 0),
(36933613, 36933519, '2016-04-29', '08:41:56', 1),
(36950334, 36950049, '2016-04-30', '03:21:54', 0),
(36954820, 36953612, '2016-04-30', '12:16:00', -1),
(37024180, 36953612, '2016-05-04', '09:49:35', -2),
(37444396, 37444142, '2016-05-25', '17:52:20', 1),
(37743513, 37742770, '2016-06-10', '08:30:21', 1),
(38412784, 38405070, '2016-07-16', '15:45:49', 1),
(38785826, 38783156, '2016-08-05', '09:26:48', 0),
(39239659, 39239624, '2016-08-31', '02:07:20', 1),
(39240470, 39239624, '2016-08-31', '03:55:13', 1),
(39283811, 39239624, '2016-09-02', '03:20:40', 0),
(39567762, 39317175, '2016-09-19', '07:39:16', 1),
(39381087, 39380742, '2016-09-08', '01:03:34', 0),
(39871886, 39826865, '2016-10-05', '10:45:42', 0),
(39886133, 39826865, '2016-10-06', '01:32:05', 5),
(39829780, 39829098, '2016-10-03', '10:46:50', 0),
(39830585, 39829098, '2016-10-03', '11:31:35', 0),
(40178596, 40178080, '2016-10-21', '13:58:13', 1),
(40178633, 40178080, '2016-10-21', '14:00:04', 3),
(40848301, 40836919, '2016-11-28', '15:47:43', 2),
(40898511, 40895677, '2016-11-30', '21:26:38', 1),
(40978559, 40978316, '2016-12-05', '16:13:34', 5),
(40979084, 40978316, '2016-12-05', '16:40:53', 1),
(42063923, 42063553, '2017-02-06', '09:07:37', 0),
(42065277, 42063553, '2017-02-06', '10:18:18', 0),
(42139587, 42139302, '2017-02-09', '14:41:55', 2),
(42206703, 42201335, '2017-02-13', '14:41:15', 1),
(42271744, 42268950, '2017-02-16', '10:49:35', 1),
(42295061, 42291816, '2017-02-17', '10:07:55', 0),
(42299726, 42298817, '2017-02-17', '13:55:34', 1),
(42523313, 42519814, '2017-03-01', '04:38:30', 1),
(42614141, 42604745, '2017-03-05', '21:17:07', 1),
(42733042, 42712240, '2017-03-11', '08:25:18', 0);

-- --------------------------------------------------------

--
-- Estrutura para tabela `ifndef_perg`
--

CREATE TABLE IF NOT EXISTS `ifndef_perg` (
  `id` int(15) NOT NULL,
  `datap` varchar(15) CHARACTER SET utf8 COLLATE utf8_bin NOT NULL,
  `timep` varchar(8) CHARACTER SET utf8 COLLATE utf8_bin NOT NULL,
  `score` int(5) NOT NULL,
  `answ` int(5) NOT NULL
) ENGINE=InnoDB DEFAULT CHARSET=latin1;

--
-- Fazendo dump de dados para tabela `ifndef_perg`
--

INSERT INTO `ifndef_perg` (`id`, `datap`, `timep`, `score`, `answ`) VALUES
(722932, '2009-04-06', '19:56:45', 1, 4),
(1421485, '2009-09-14', '13:14:50', 0, 2),
(1576102, '2009-10-16', '02:05:15', 0, 1),
(1597566, '2009-10-20', '21:59:24', 0, 1),
(2012496, '2010-01-06', '11:19:58', 6, 8),
(2038640, '2010-01-10', '21:12:47', 7, 5),
(2441882, '2010-03-14', '10:51:31', 0, 3),
(2627134, '2010-04-13', '05:17:49', 0, 1),
(2703528, '2010-04-24', '06:52:11', 22, 8),
(2733871, '2010-04-28', '23:44:53', 1, 2),
(2939368, '2010-05-30', '16:06:36', 11, 5),
(3399019, '2010-08-03', '17:26:36', 1, 3),
(3512744, '2010-08-18', '13:45:36', 3, 1),
(3515169, '2010-08-18', '18:06:32', 4, 5),
(3600162, '2010-08-30', '12:10:41', 0, 2),
(4019770, '2010-10-26', '00:03:31', 0, 2),
(4782859, '2011-01-24', '14:03:27', 1, 6),
(4975394, '2011-02-12', '00:21:46', 6, 2),
(5010286, '2011-02-15', '22:30:02', 1, 2),
(5127512, '2011-02-26', '14:41:20', 6, 2),
(5213178, '2011-03-06', '20:29:40', 1, 2),
(5402665, '2011-03-23', '08:42:14', 6, 2),
(5420451, '2011-03-24', '14:10:16', 8, 7),
(5444860, '2011-03-26', '19:46:52', 0, 3),
(5537107, '2011-04-04', '10:16:06', 7, 3),
(6358546, '2011-06-15', '13:36:34', 2, 5),
(6683925, '2011-07-13', '18:43:59', 3, 3),
(6845302, '2011-07-27', '13:40:11', 12, 1),
(6868349, '2011-07-29', '03:31:29', 0, 1),
(6973749, '2011-08-07', '15:37:27', 6, 5),
(7114569, '2011-08-18', '21:50:57', 3, 3),
(7352373, '2011-09-08', '17:50:48', 2, 1),
(7462205, '2011-09-18', '14:43:13', 0, 1),
(7818246, '2011-10-19', '08:02:38', 1, 1),
(8071493, '2011-11-09', '20:50:45', 2, 2),
(8083671, '2011-11-10', '17:24:18', 4, 1),
(8169339, '2011-11-17', '15:03:27', 13, 2),
(8171102, '2011-11-17', '16:54:40', 10, 1),
(8483955, '2011-12-13', '03:24:20', 3, 3),
(8878101, '2012-01-16', '09:42:02', 2, 1),
(9038738, '2012-01-27', '19:12:53', 1, 2),
(9232227, '2012-02-10', '17:39:22', 4, 2),
(9272484, '2012-02-14', '06:07:58', 0, 3),
(9349230, '2012-02-19', '12:42:48', 1, 2),
(9689285, '2012-03-13', '17:47:32', 0, 1),
(9764481, '2012-03-19', '03:01:55', 2, 2),
(9769580, '2012-03-19', '11:47:19', 2, 1),
(9850445, '2012-03-24', '09:05:48', 8, 6),
(10089739, '2012-04-10', '13:28:14', 1, 1),
(10293202, '2012-04-24', '07:03:21', 2, 1),
(10295584, '2012-04-24', '09:53:37', 1, 2),
(11403597, '2012-07-09', '21:38:22', 0, 1),
(11540547, '2012-07-18', '11:43:00', 1, 0),
(12034102, '2012-08-20', '08:01:09', 2, 3),
(12131019, '2012-08-26', '14:41:19', 1, 3),
(12551889, '2012-09-23', '11:20:26', 1, 1),
(12960820, '2012-10-18', '17:59:10', 3, 3),
(13333181, '2012-11-11', '16:41:07', 0, 2),
(13619678, '2012-11-29', '05:51:59', 6, 0),
(14079478, '2012-12-29', '06:58:42', 0, 2),
(14305189, '2013-01-13', '16:00:14', 1, 5),
(14330268, '2013-01-15', '02:32:34', 1, 0),
(15022066, '2013-02-22', '10:32:38', 3, 1),
(15117591, '2013-02-27', '16:46:56', 27, 3),
(15522269, '2013-03-20', '11:28:18', 0, 1),
(15629131, '2013-03-26', '03:55:45', -2, 1),
(15794296, '2013-04-03', '17:41:26', 0, 1),
(15800178, '2013-04-03', '23:44:00', 1, 2),
(16095768, '2013-04-19', '01:23:37', 0, 2),
(16234231, '2013-04-26', '10:27:33', 0, 1),
(16289522, '2013-04-29', '22:49:35', 0, 1),
(16382589, '2013-05-05', '08:03:45', 3, 2),
(17076956, '2013-06-12', '23:18:07', 0, 1),
(17154104, '2013-06-17', '18:17:42', -1, 3),
(17217582, '2013-06-20', '15:21:27', 5, 4),
(17359424, '2013-06-28', '07:25:50', 0, 2),
(17447838, '2013-07-03', '12:21:09', -3, 2),
(17644283, '2013-07-14', '22:06:44', 0, 1),
(17771456, '2013-07-21', '10:41:07', 4, 1),
(18263464, '2013-08-15', '23:17:40', -1, 1),
(18267625, '2013-08-16', '07:03:10', 4, 1),
(18773651, '2013-09-12', '20:20:21', 2, 0),
(19042690, '2013-09-27', '04:24:27', 2, 2),
(19117835, '2013-10-01', '13:44:40', 0, 2),
(19498118, '2013-10-21', '15:05:59', 0, 1),
(19538869, '2013-10-23', '10:14:20', 0, 2),
(19630642, '2013-10-28', '09:03:38', 2, 2),
(19676832, '2013-10-30', '08:04:45', 0, 1),
(19968470, '2013-11-14', '02:35:33', 1, 3),
(20117895, '2013-11-21', '10:08:27', 0, 1),
(20179760, '2013-11-24', '19:20:26', 1, 2),
(20267955, '2013-11-28', '13:53:28', 0, 0),
(20389064, '2013-12-05', '00:30:13', 2, 2),
(21584362, '2014-02-05', '17:34:31', 0, 2),
(21672834, '2014-02-10', '09:06:26', 1, 1),
(22027014, '2014-02-25', '21:49:36', 1, 0),
(22269604, '2014-03-08', '12:57:46', 0, 2),
(22280278, '2014-03-09', '08:57:22', 0, 1),
(22289059, '2014-03-09', '22:29:15', -2, 1),
(22729364, '2014-03-29', '09:36:53', 0, 4),
(22769919, '2014-03-31', '18:58:44', 1, 5),
(23281110, '2014-04-24', '22:35:17', 0, 1),
(23490923, '2014-05-06', '09:33:59', 0, 2),
(23696115, '2014-05-16', '13:20:24', 102, 2),
(23794435, '2014-05-21', '21:49:42', 0, 4),
(23891347, '2014-05-27', '13:52:33', 2, 2),
(24158614, '2014-06-11', '08:55:32', 0, 1),
(24610603, '2014-07-07', '12:26:09', 1, 0),
(24966585, '2014-07-26', '01:18:20', 0, 2),
(24985326, '2014-07-27', '20:24:42', 0, 1),
(25245500, '2014-08-11', '14:18:25', 1, 1),
(25307454, '2014-08-14', '11:54:27', 0, 1),
(25564987, '2014-08-29', '08:59:53', 0, 1),
(25620281, '2014-09-02', '09:37:17', 0, 1),
(26460998, '2014-10-20', '08:05:45', 15, 3),
(26588469, '2014-10-27', '13:18:32', 1, 1),
(26594637, '2014-10-27', '18:45:26', -1, 1),
(26693646, '2014-11-01', '21:53:14', 0, 1),
(26940456, '2014-11-14', '23:21:50', 1, 3),
(27209761, '2014-11-30', '03:42:52', 1, 1),
(27276907, '2014-12-03', '16:34:50', 1, 1),
(27576719, '2014-12-20', '03:43:17', 0, 2),
(27671639, '2014-12-27', '21:31:10', -3, 1),
(27765918, '2015-01-04', '13:20:46', 0, 0),
(27767837, '2015-01-04', '16:43:38', 0, 1),
(27995095, '2015-01-17', '01:07:59', 0, 2),
(28270716, '2015-02-02', '03:27:57', 0, 1),
(28494476, '2015-02-13', '07:24:43', 2, 1),
(28765851, '2015-02-27', '13:05:33', 1, 1),
(29386370, '2015-04-01', '08:43:11', 0, 1),
(29418194, '2015-04-02', '16:46:24', -1, 1),
(29492995, '2015-04-07', '13:39:03', 0, 1),
(30023748, '2015-05-04', '06:21:30', 1, 2),
(30137563, '2015-05-09', '08:05:39', 0, 2),
(30428444, '2015-05-24', '21:20:44', 2, 4),
(30734785, '2015-06-09', '14:20:24', 0, 4),
(30833075, '2015-06-14', '18:33:55', -1, 1),
(31257269, '2015-07-06', '23:15:16', 1, 2),
(31570684, '2015-07-22', '18:01:45', 3, 1),
(32142278, '2015-08-21', '14:00:32', -1, 2),
(32327354, '2015-09-01', '08:51:58', 3, 3),
(32632099, '2015-09-17', '13:52:59', 0, 1),
(32677101, '2015-09-20', '07:55:43', 0, 1),
(32998271, '2015-10-07', '17:02:48', -3, 1),
(33353513, '2015-10-26', '18:57:53', 0, 0),
(33643249, '2015-11-11', '02:23:36', 1, 1),
(33697559, '2015-11-13', '16:35:43', 0, 1),
(33807268, '2015-11-19', '14:57:44', 0, 1),
(35545509, '2016-02-22', '03:49:45', 0, 1),
(35703479, '2016-02-29', '15:36:44', 0, 0),
(35721051, '2016-03-01', '10:57:11', 0, 3),
(35894076, '2016-03-09', '14:17:21', 0, 1),
(36114174, '2016-03-20', '13:16:04', 1, 1),
(36373129, '2016-04-02', '12:16:50', -4, 2),
(36517568, '2016-04-09', '13:41:14', 0, 0),
(36836337, '2016-04-25', '09:14:17', 0, 4),
(36950049, '2016-04-30', '02:31:10', -1, 1),
(37118625, '2016-05-09', '14:38:59', 2, 1),
(37275202, '2016-05-17', '11:45:30', 0, 1),
(37308664, '2016-05-18', '19:36:23', -2, 1),
(37697475, '2016-06-08', '08:43:16', 2, 2),
(37871832, '2016-06-17', '01:38:59', 1, 1),
(38708475, '2016-08-01', '21:33:01', 2, 1),
(38888976, '2016-08-11', '06:38:10', 4, 3),
(39317175, '2016-09-04', '13:00:52', 0, 1),
(39520728, '2016-09-15', '21:35:52', 1, 0),
(39537287, '2016-09-16', '17:39:19', 1, 1),
(39973336, '2016-10-11', '08:35:08', 0, 1),
(40073142, '2016-10-16', '17:20:13', -1, 1),
(40294204, '2016-10-27', '21:07:08', 0, 0),
(40615961, '2016-11-15', '17:20:18', 0, 1),
(40629479, '2016-11-16', '10:16:29', -2, 2),
(40659357, '2016-11-17', '15:52:48', 0, 1),
(40819253, '2016-11-26', '14:15:39', 0, 1),
(40963792, '2016-12-04', '21:20:17', 0, 1),
(41300922, '2016-12-23', '11:47:29', 0, 1),
(41660558, '2017-01-15', '11:26:02', 0, 1),
(41674162, '2017-01-16', '10:23:13', 1, 1),
(42139302, '2017-02-09', '14:28:57', -1, 1),
(42194320, '2017-02-12', '23:04:34', 9, 2),
(42450594, '2017-02-25', '00:43:50', -2, 0),
(42677950, '2017-03-08', '17:26:24', 1, 1);

-- --------------------------------------------------------

--
-- Estrutura para tabela `ifndef_resp`
--

CREATE TABLE IF NOT EXISTS `ifndef_resp` (
  `id` int(15) NOT NULL,
  `parentalid` int(15) NOT NULL,
  `datar` varchar(15) CHARACTER SET utf8 COLLATE utf8_bin NOT NULL,
  `timer` varchar(8) CHARACTER SET utf8 COLLATE utf8_bin NOT NULL,
  `score` int(5) NOT NULL
) ENGINE=InnoDB DEFAULT CHARSET=latin1;

--
-- Fazendo dump de dados para tabela `ifndef_resp`
--

INSERT INTO `ifndef_resp` (`id`, `parentalid`, `datar`, `timer`, `score`) VALUES
(722949, 722932, '2009-04-06', '20:00:12', 3),
(722958, 722932, '2009-04-06', '20:01:50', 9),
(722963, 722932, '2009-04-06', '20:02:50', 2),
(722970, 722932, '2009-04-06', '20:04:11', 0),
(1421497, 1421485, '2009-09-14', '13:17:34', 2),
(1421727, 1421485, '2009-09-14', '13:59:34', 1),
(1576210, 1576102, '2009-10-16', '05:21:53', 1),
(1604047, 1597566, '2009-10-21', '22:35:18', 1),
(2012617, 2012496, '2010-01-06', '11:40:51', -3),
(2012715, 2012496, '2010-01-06', '11:55:40', 4),
(2012734, 2012496, '2010-01-06', '12:00:40', -2),
(2012830, 2012496, '2010-01-06', '12:22:14', -1),
(2017387, 2012496, '2010-01-07', '00:28:11', 0),
(2019014, 2012496, '2010-01-07', '08:14:39', 2),
(2019018, 2012496, '2010-01-07', '08:15:12', 0),
(2089201, 2012496, '2010-01-18', '21:03:53', 1),
(2038651, 2038640, '2010-01-10', '21:14:59', 14),
(2038661, 2038640, '2010-01-10', '21:17:41', 3),
(2038663, 2038640, '2010-01-10', '21:17:49', 4),
(2038666, 2038640, '2010-01-10', '21:18:47', -1),
(2038811, 2038640, '2010-01-10', '21:56:58', 1),
(2441907, 2441882, '2010-03-14', '11:01:00', 0),
(2442813, 2441882, '2010-03-14', '16:25:53', 0),
(2442864, 2441882, '2010-03-14', '16:40:00', 2),
(2627156, 2627134, '2010-04-13', '05:23:04', 6),
(2703542, 2703528, '2010-04-24', '06:57:41', 3),
(2703613, 2703528, '2010-04-24', '07:30:20', 9),
(2703668, 2703528, '2010-04-24', '07:56:15', 12),
(2703766, 2703528, '2010-04-24', '08:33:15', 8),
(2704420, 2703528, '2010-04-24', '12:17:53', 2),
(2704525, 2703528, '2010-04-24', '12:57:31', 0),
(2705574, 2703528, '2010-04-24', '18:06:55', 4),
(2706693, 2703528, '2010-04-25', '00:26:42', 7),
(2733885, 2733871, '2010-04-28', '23:48:19', 7),
(2733893, 2733871, '2010-04-28', '23:50:53', 1),
(2939378, 2939368, '2010-05-30', '16:09:47', 1),
(2939380, 2939368, '2010-05-30', '16:10:27', 21),
(2939390, 2939368, '2010-05-30', '16:12:50', 3),
(2939428, 2939368, '2010-05-30', '16:24:13', 5),
(2939673, 2939368, '2010-05-30', '17:51:32', 2),
(3399184, 3399019, '2010-08-03', '17:48:06', 2),
(3399189, 3399019, '2010-08-03', '17:48:49', 0),
(3400492, 3399019, '2010-08-03', '20:23:56', 0),
(3518457, 3512744, '2010-08-19', '03:13:11', 1),
(3515371, 3515169, '2010-08-18', '18:28:25', 0),
(3544171, 3515169, '2010-08-23', '01:20:58', 0),
(3672484, 3515169, '2010-09-08', '22:49:32', 0),
(3674299, 3515169, '2010-09-09', '06:34:09', 3),
(3683892, 3515169, '2010-09-10', '10:31:43', 0),
(3600425, 3600162, '2010-08-30', '12:45:27', 0),
(3719889, 3600162, '2010-09-15', '16:52:20', 0),
(4019800, 4019770, '2010-10-26', '00:11:49', 5),
(4019934, 4019770, '2010-10-26', '00:47:29', 2),
(4782882, 4782859, '2011-01-24', '14:05:44', 4),
(4782894, 4782859, '2011-01-24', '14:06:50', 2),
(4782903, 4782859, '2011-01-24', '14:07:42', 1),
(4783080, 4782859, '2011-01-24', '14:24:29', 1),
(4783858, 4782859, '2011-01-24', '15:41:48', 1),
(4785556, 4782859, '2011-01-24', '18:20:02', 2),
(4975435, 4975394, '2011-02-12', '00:30:24', 9),
(4975444, 4975394, '2011-02-12', '00:31:35', 0),
(5010352, 5010286, '2011-02-15', '22:37:57', 2),
(5010401, 5010286, '2011-02-15', '22:42:52', 1),
(5128808, 5127512, '2011-02-26', '18:16:38', 1),
(5129966, 5127512, '2011-02-26', '21:47:59', 9),
(5213289, 5213178, '2011-03-06', '20:45:37', 1),
(5214481, 5213178, '2011-03-07', '00:13:10', 0),
(5664334, 5402665, '2011-04-14', '13:55:50', 6),
(6784920, 5402665, '2011-07-22', '01:58:13', 6),
(5420493, 5420451, '2011-03-24', '14:13:27', 6),
(5420498, 5420451, '2011-03-24', '14:13:50', 10),
(5420521, 5420451, '2011-03-24', '14:15:46', 2),
(5420528, 5420451, '2011-03-24', '14:16:43', 1),
(5420557, 5420451, '2011-03-24', '14:18:30', 1),
(5420721, 5420451, '2011-03-24', '14:29:25', 0),
(32439838, 5420451, '2015-09-07', '13:25:00', 3),
(5444906, 5444860, '2011-03-26', '19:53:00', 0),
(5444923, 5444860, '2011-03-26', '19:56:28', 3),
(5444955, 5444860, '2011-03-26', '20:02:55', 0),
(5537123, 5537107, '2011-04-04', '10:17:38', 7),
(5537128, 5537107, '2011-04-04', '10:18:30', 2),
(5537154, 5537107, '2011-04-04', '10:21:14', 4),
(6358571, 6358546, '2011-06-15', '13:38:29', 4),
(6358585, 6358546, '2011-06-15', '13:39:04', 0),
(6358603, 6358546, '2011-06-15', '13:40:40', 3),
(6358663, 6358546, '2011-06-15', '13:44:22', 0),
(6358837, 6358546, '2011-06-15', '13:56:27', 1),
(7914994, 6683925, '2011-10-27', '11:07:19', 2),
(13142087, 6683925, '2012-10-30', '15:17:17', 0),
(27132583, 6683925, '2014-11-25', '17:04:24', 0),
(9545933, 6845302, '2012-03-03', '11:54:48', 14),
(6868376, 6868349, '2011-07-29', '03:36:50', 4),
(6973758, 6973749, '2011-08-07', '15:39:13', 7),
(6973760, 6973749, '2011-08-07', '15:39:29', 1),
(6973765, 6973749, '2011-08-07', '15:40:19', 1),
(6973956, 6973749, '2011-08-07', '16:11:49', 2),
(6974487, 6973749, '2011-08-07', '17:33:49', 9),
(7114615, 7114569, '2011-08-18', '21:55:47', 4),
(7114672, 7114569, '2011-08-18', '22:00:55', 1),
(7114874, 7114569, '2011-08-18', '22:23:42', 0),
(7353300, 7352373, '2011-09-08', '19:18:01', 1),
(7462238, 7462205, '2011-09-18', '14:48:21', 1),
(7836395, 7818246, '2011-10-20', '13:07:57', 2),
(8072627, 8071493, '2011-11-09', '22:24:44', 10),
(8080051, 8071493, '2011-11-10', '13:15:42', 13),
(8083756, 8083671, '2011-11-10', '17:31:02', 6),
(8169407, 8169339, '2011-11-17', '15:07:56', 3),
(8169620, 8169339, '2011-11-17', '15:21:20', 16),
(8171166, 8171102, '2011-11-17', '16:59:27', 19),
(8483974, 8483955, '2011-12-13', '03:27:34', 8),
(8483991, 8483955, '2011-12-13', '03:28:54', 3),
(8484037, 8483955, '2011-12-13', '03:38:43', 4),
(8878163, 8878101, '2012-01-16', '09:46:58', 5),
(9038806, 9038738, '2012-01-27', '19:18:04', 1),
(9038886, 9038738, '2012-01-27', '19:24:36', 1),
(9232305, 9232227, '2012-02-10', '17:45:01', 5),
(9234592, 9232227, '2012-02-10', '20:46:38', 3),
(9272799, 9272484, '2012-02-14', '06:45:38', 4),
(9272914, 9272484, '2012-02-14', '06:57:30', 0),
(9273578, 9272484, '2012-02-14', '08:11:24', 0),
(9349324, 9349230, '2012-02-19', '12:55:45', 3),
(9349389, 9349230, '2012-02-19', '13:04:48', 0),
(9689467, 9689285, '2012-03-13', '17:58:05', 0),
(9764506, 9764481, '2012-03-19', '03:06:10', 0),
(9765654, 9764481, '2012-03-19', '05:57:17', 18),
(9769615, 9769580, '2012-03-19', '11:49:39', 2),
(9850466, 9850445, '2012-03-24', '09:08:58', 0),
(9850467, 9850445, '2012-03-24', '09:09:26', 6),
(9850504, 9850445, '2012-03-24', '09:15:52', 0),
(9850541, 9850445, '2012-03-24', '09:23:29', 0),
(9850552, 9850445, '2012-03-24', '09:24:42', 0),
(9854854, 9850445, '2012-03-24', '19:35:05', 4),
(10103685, 10089739, '2012-04-11', '09:56:35', 6),
(10293306, 10293202, '2012-04-24', '07:10:41', 3),
(10310021, 10295584, '2012-04-25', '05:49:42', 0),
(23007164, 10295584, '2014-04-11', '08:17:39', -1),
(11403769, 11403597, '2012-07-09', '21:53:24', 1),
(12034124, 12034102, '2012-08-20', '08:03:07', 4),
(12034139, 12034102, '2012-08-20', '08:04:06', 3),
(12035229, 12034102, '2012-08-20', '09:31:20', 1),
(12131053, 12131019, '2012-08-26', '14:48:08', 3),
(12131056, 12131019, '2012-08-26', '14:48:22', 6),
(12131111, 12131019, '2012-08-26', '14:56:53', 1),
(12557252, 12551889, '2012-09-23', '23:45:47', 3),
(12960915, 12960820, '2012-10-18', '18:05:16', 0),
(12960990, 12960820, '2012-10-18', '18:10:31', 1),
(12961202, 12960820, '2012-10-18', '18:22:05', 1),
(13333862, 13333181, '2012-11-11', '18:03:26', 1),
(13333969, 13333181, '2012-11-11', '18:14:55', 1),
(14079537, 14079478, '2012-12-29', '07:08:06', 1),
(14080067, 14079478, '2012-12-29', '08:39:15', 1),
(14305200, 14305189, '2013-01-13', '16:01:47', 2),
(14305204, 14305189, '2013-01-13', '16:02:10', 3),
(14305208, 14305189, '2013-01-13', '16:02:36', 3),
(14305328, 14305189, '2013-01-13', '16:13:43', 1),
(14305418, 14305189, '2013-01-13', '16:22:07', 1),
(15022390, 15022066, '2013-02-22', '10:48:09', 3),
(15117631, 15117591, '2013-02-27', '16:48:46', 37),
(15117650, 15117591, '2013-02-27', '16:49:35', 7),
(15117785, 15117591, '2013-02-27', '16:56:25', 0),
(18054139, 15522269, '2013-08-05', '08:57:11', 0),
(15629166, 15629131, '2013-03-26', '04:00:26', 1),
(15794446, 15794296, '2013-04-03', '17:50:16', 0),
(15800567, 15800178, '2013-04-04', '00:26:54', 0),
(15800665, 15800178, '2013-04-04', '00:38:40', 0),
(16097695, 16095768, '2013-04-19', '05:20:53', 0),
(16112154, 16095768, '2013-04-19', '19:29:10', 0),
(16234503, 16234231, '2013-04-26', '10:42:19', 3),
(16289989, 16289522, '2013-04-29', '23:40:54', 2),
(16383712, 16382589, '2013-05-05', '10:47:05', 1),
(16387218, 16382589, '2013-05-05', '17:37:35', 3),
(17093592, 17076956, '2013-06-13', '17:40:50', 0),
(17154150, 17154104, '2013-06-17', '18:20:13', 4),
(17154188, 17154104, '2013-06-17', '18:22:06', 5),
(17154728, 17154104, '2013-06-17', '18:54:34', 4),
(17217667, 17217582, '2013-06-20', '15:25:09', 1),
(17217725, 17217582, '2013-06-20', '15:27:52', 1),
(17217800, 17217582, '2013-06-20', '15:31:53', 3),
(17218163, 17217582, '2013-06-20', '15:48:52', 0),
(17359442, 17359424, '2013-06-28', '07:27:07', 2),
(17359723, 17359424, '2013-06-28', '07:44:26', 0),
(17448052, 17447838, '2013-07-03', '12:31:04', 2),
(17448126, 17447838, '2013-07-03', '12:34:14', 1),
(17644313, 17644283, '2013-07-14', '22:10:40', 0),
(17771502, 17771456, '2013-07-21', '10:47:35', 2),
(18264091, 18263464, '2013-08-16', '00:40:21', 0),
(18268125, 18267625, '2013-08-16', '07:33:50', 4),
(19042736, 19042690, '2013-09-27', '04:28:29', 0),
(19100645, 19042690, '2013-09-30', '17:53:14', 1),
(19118109, 19117835, '2013-10-01', '13:55:53', 2),
(19121102, 19117835, '2013-10-01', '16:14:49', 0),
(19500408, 19498118, '2013-10-21', '16:55:47', 2),
(20655016, 19538869, '2013-12-18', '10:04:09', 1),
(20946928, 19538869, '2014-01-06', '09:37:57', 0),
(19630877, 19630642, '2013-10-28', '09:16:16', 1),
(19630947, 19630642, '2013-10-28', '09:19:49', 1),
(19676988, 19676832, '2013-10-30', '08:15:17', 1),
(20064273, 19968470, '2013-11-19', '05:58:47', 2),
(23305585, 19968470, '2014-04-26', '01:38:20', 0),
(23542505, 19968470, '2014-05-08', '13:00:31', 0),
(20123088, 20117895, '2013-11-21', '14:06:14', 0),
(20180029, 20179760, '2013-11-24', '19:42:48', 1),
(20180091, 20179760, '2013-11-24', '19:48:15', 1),
(20389129, 20389064, '2013-12-05', '00:37:15', 2),
(22540516, 20389064, '2014-03-20', '17:18:18', 1),
(21584471, 21584362, '2014-02-05', '17:40:03', 1),
(21590051, 21584362, '2014-02-05', '22:34:21', 0),
(21688467, 21672834, '2014-02-10', '21:38:13', 0),
(22269649, 22269604, '2014-03-08', '13:01:34', 6),
(22269662, 22269604, '2014-03-08', '13:02:25', 0),
(22281003, 22280278, '2014-03-09', '10:17:52', 2),
(22289682, 22289059, '2014-03-09', '23:31:03', 1),
(22729411, 22729364, '2014-03-29', '09:42:36', 1),
(22729432, 22729364, '2014-03-29', '09:45:15', 1),
(22729513, 22729364, '2014-03-29', '09:52:41', 0),
(22729953, 22729364, '2014-03-29', '10:39:22', 0),
(22769962, 22769919, '2014-03-31', '19:00:57', 5),
(22770002, 22769919, '2014-03-31', '19:03:05', 1),
(22770004, 22769919, '2014-03-31', '19:03:16', 0),
(22770026, 22769919, '2014-03-31', '19:04:44', 0),
(22770152, 22769919, '2014-03-31', '19:12:26', 0),
(23291908, 23281110, '2014-04-25', '11:34:49', 3),
(23491007, 23490923, '2014-05-06', '09:37:34', 1),
(23491045, 23490923, '2014-05-06', '09:39:06', 1),
(23696175, 23696115, '2014-05-16', '13:22:32', 23),
(23699893, 23696115, '2014-05-16', '16:08:00', 71),
(23794533, 23794435, '2014-05-21', '21:55:32', 0),
(23794534, 23794435, '2014-05-21', '21:55:36', 0),
(23794571, 23794435, '2014-05-21', '21:58:42', 5),
(23794779, 23794435, '2014-05-21', '22:15:59', 1),
(23905962, 23891347, '2014-05-28', '08:05:07', 1),
(23955188, 23891347, '2014-05-30', '12:56:48', 0),
(24166188, 24158614, '2014-06-11', '14:56:39', 1),
(24966608, 24966585, '2014-07-26', '01:23:39', 0),
(24967259, 24966585, '2014-07-26', '03:30:51', 0),
(24986273, 24985326, '2014-07-27', '22:28:54', 1),
(25245538, 25245500, '2014-08-11', '14:20:29', 4),
(25395770, 25307454, '2014-08-20', '02:18:16', 0),
(25566037, 25564987, '2014-08-29', '10:04:34', 2),
(25623116, 25620281, '2014-09-02', '12:10:08', 1),
(26482104, 26460998, '2014-10-21', '08:26:03', 18),
(34669039, 26460998, '2016-01-08', '03:32:14', 1),
(40991398, 26460998, '2016-12-06', '09:01:09', 1),
(26589257, 26588469, '2014-10-27', '14:00:03', 2),
(26595153, 26594637, '2014-10-27', '19:15:29', 1),
(26693994, 26693646, '2014-11-01', '22:38:40', 2),
(26940524, 26940456, '2014-11-14', '23:27:41', 0),
(26940525, 26940456, '2014-11-14', '23:27:49', 0),
(26940981, 26940456, '2014-11-15', '00:16:50', 0),
(27209801, 27209761, '2014-11-30', '03:51:03', 1),
(42405981, 27276907, '2017-02-23', '02:33:21', 0),
(27576757, 27576719, '2014-12-20', '03:53:16', 0),
(27576764, 27576719, '2014-12-20', '03:54:40', 2),
(27672599, 27671639, '2014-12-28', '00:01:39', 1),
(27769352, 27767837, '2015-01-04', '19:17:41', 0),
(27995145, 27995095, '2015-01-17', '01:15:28', 2),
(27995153, 27995095, '2015-01-17', '01:16:32', 0),
(28290131, 28270716, '2015-02-03', '01:57:57', 0),
(28503583, 28494476, '2015-02-13', '15:58:11', 1),
(28990727, 28765851, '2015-03-11', '15:27:03', 1),
(29415133, 29386370, '2015-04-02', '14:13:59', 0),
(29418709, 29418194, '2015-04-02', '17:17:40', 0),
(29580393, 29492995, '2015-04-11', '16:42:35', 1),
(30023803, 30023748, '2015-05-04', '06:25:55', 1),
(30023841, 30023748, '2015-05-04', '06:28:54', 0),
(30137616, 30137563, '2015-05-09', '08:10:02', 0),
(30137674, 30137563, '2015-05-09', '08:17:44', 2),
(30428528, 30428444, '2015-05-24', '21:28:12', 2),
(30428534, 30428444, '2015-05-24', '21:28:34', 3),
(30428628, 30428444, '2015-05-24', '21:40:24', 2),
(30428653, 30428444, '2015-05-24', '21:43:41', 2),
(30734850, 30734785, '2015-06-09', '14:23:10', 3),
(30734864, 30734785, '2015-06-09', '14:23:38', 0),
(30734952, 30734785, '2015-06-09', '14:27:17', 1),
(30735133, 30734785, '2015-06-09', '14:34:19', 1),
(30833115, 30833075, '2015-06-14', '18:37:08', 2),
(31257338, 31257269, '2015-07-06', '23:25:35', 2),
(31258467, 31257269, '2015-07-07', '01:48:37', 2),
(31581116, 31570684, '2015-07-23', '07:44:16', 5),
(32142730, 32142278, '2015-08-21', '14:20:24', 2),
(32142794, 32142278, '2015-08-21', '14:23:24', 1),
(32327444, 32327354, '2015-09-01', '08:57:33', 1),
(32327551, 32327354, '2015-09-01', '09:03:27', 4),
(32758057, 32327354, '2015-09-24', '09:36:44', 1),
(32638166, 32632099, '2015-09-17', '19:07:05', 1),
(32678055, 32677101, '2015-09-20', '09:56:10', 2),
(32998810, 32998271, '2015-10-07', '17:32:26', 0),
(33644413, 33643249, '2015-11-11', '04:44:20', 1),
(33697713, 33697559, '2015-11-13', '16:44:55', 4),
(33807551, 33807268, '2015-11-19', '15:10:07', 0),
(35563937, 35545509, '2016-02-22', '21:11:05', 0),
(35721374, 35721051, '2016-03-01', '11:13:33', 2),
(35721405, 35721051, '2016-03-01', '11:15:27', 2),
(35721935, 35721051, '2016-03-01', '11:40:34', 1),
(35894573, 35894076, '2016-03-09', '14:37:36', 2),
(36119067, 36114174, '2016-03-20', '20:23:10', 0),
(36373208, 36373129, '2016-04-02', '12:24:38', -1),
(36377677, 36373129, '2016-04-02', '19:16:23', 0),
(36836547, 36836337, '2016-04-25', '09:24:10', 1),
(36836555, 36836337, '2016-04-25', '09:24:25', 0),
(36836617, 36836337, '2016-04-25', '09:27:26', 0),
(36836625, 36836337, '2016-04-25', '09:27:40', 2),
(36950334, 36950049, '2016-04-30', '03:21:54', 0),
(39123005, 37118625, '2016-08-24', '12:12:53', 0),
(37278802, 37275202, '2016-05-17', '14:20:24', 1),
(37308728, 37308664, '2016-05-18', '19:40:19', 0),
(37697704, 37697475, '2016-06-08', '08:53:07', 0),
(41237320, 37697475, '2016-12-20', '07:54:45', 0),
(37871854, 37871832, '2016-06-17', '01:42:26', 6),
(38747415, 38708475, '2016-08-03', '15:10:19', 1),
(38889095, 38888976, '2016-08-11', '06:44:59', 3),
(38889099, 38888976, '2016-08-11', '06:45:10', 4),
(41158630, 38888976, '2016-12-15', '07:28:27', 0),
(39567762, 39317175, '2016-09-19', '07:39:16', 1),
(39540699, 39537287, '2016-09-16', '22:02:09', 1),
(39974101, 39973336, '2016-10-11', '09:21:28', 0),
(40073190, 40073142, '2016-10-16', '17:24:34', 3),
(40616919, 40615961, '2016-11-15', '18:15:42', 0),
(40629530, 40629479, '2016-11-16', '10:18:57', 1),
(40629600, 40629479, '2016-11-16', '10:22:19', 0),
(41862208, 40659357, '2017-01-25', '21:45:49', 0),
(40822167, 40819253, '2016-11-26', '19:18:47', 1),
(40964069, 40963792, '2016-12-04', '21:47:04', 3),
(41301364, 41300922, '2016-12-23', '12:15:12', 3),
(41660716, 41660558, '2017-01-15', '11:45:35', 1),
(41674355, 41674162, '2017-01-16', '10:34:00', 1),
(42139587, 42139302, '2017-02-09', '14:41:55', 2),
(42194728, 42194320, '2017-02-13', '00:01:28', 5),
(42196868, 42194320, '2017-02-13', '04:52:33', 12),
(42678965, 42677950, '2017-03-08', '18:21:07', 1);

-- --------------------------------------------------------

--
-- Estrutura para tabela `pf_perg`
--

CREATE TABLE IF NOT EXISTS `pf_perg` (
  `id` int(15) NOT NULL,
  `datap` varchar(15) CHARACTER SET utf8 COLLATE utf8_bin NOT NULL,
  `timep` varchar(8) CHARACTER SET utf8 COLLATE utf8_bin NOT NULL,
  `score` int(5) NOT NULL,
  `answ` int(5) NOT NULL
) ENGINE=InnoDB DEFAULT CHARSET=latin1;

--
-- Fazendo dump de dados para tabela `pf_perg`
--

INSERT INTO `pf_perg` (`id`, `datap`, `timep`, `score`, `answ`) VALUES
(38642, '2008-09-02', '00:05:59', 61, 12),
(305423, '2008-11-20', '14:21:07', 3, 1),
(1105476, '2009-07-09', '17:48:34', 0, 1),
(1353795, '2009-08-30', '12:42:07', 3, 1),
(2028425, '2010-01-08', '15:08:09', 7, 1),
(2593076, '2010-04-07', '14:04:05', 1, 2),
(6454753, '2011-06-23', '13:22:33', 0, 2),
(6553409, '2011-07-01', '21:29:01', 4, 1),
(6755108, '2011-07-19', '22:56:14', 0, 2),
(6873973, '2011-07-29', '13:34:57', 17, 5),
(9710523, '2012-03-14', '21:26:37', 0, 2),
(10105603, '2012-04-11', '12:09:05', 0, 0),
(10622784, '2012-05-16', '16:31:30', 1, 2),
(11197068, '2012-06-25', '20:43:17', 0, 1),
(12004210, '2012-08-17', '10:38:03', 1, 2),
(12974739, '2012-10-19', '12:55:05', 0, 1),
(13622402, '2012-11-29', '09:18:39', 5, 1),
(14056631, '2012-12-27', '14:57:04', 3, 2),
(14712484, '2013-02-05', '16:42:41', 1, 2),
(15216123, '2013-03-05', '04:55:01', 3, 0),
(15836309, '2013-04-05', '14:19:45', 1, 0),
(16166741, '2013-04-23', '10:14:02', 1, 2),
(16239733, '2013-04-26', '15:11:37', 0, 1),
(16440286, '2013-05-08', '12:07:21', 2, 1),
(16482965, '2013-05-10', '13:04:44', 3, 2),
(16541143, '2013-05-14', '10:45:38', 0, 0),
(18998196, '2013-09-25', '06:55:39', 1, 0),
(19157556, '2013-10-03', '11:05:36', 0, 1),
(21867126, '2014-02-18', '22:45:53', 0, 1),
(24285275, '2014-06-18', '12:12:27', 0, 1),
(25134435, '2014-08-05', '08:36:51', 0, 1),
(25649947, '2014-09-03', '17:04:27', 0, 1),
(26163209, '2014-10-02', '14:35:01', 0, 2),
(26934634, '2014-11-14', '16:32:21', 0, 1),
(26984152, '2014-11-17', '23:51:22', 1, 1),
(27543962, '2014-12-18', '10:06:12', 0, 1),
(28046951, '2015-01-20', '13:48:45', 1, 0),
(29680612, '2015-04-16', '16:21:52', 1, 1),
(30031829, '2015-05-04', '13:48:51', 0, 1),
(30451273, '2015-05-26', '06:43:02', 0, 0),
(30469979, '2015-05-26', '22:24:51', 1, 1),
(30587714, '2015-06-02', '05:02:41', 6, 1),
(30689964, '2015-06-07', '04:10:06', 0, 1),
(30738785, '2015-06-09', '17:23:00', 0, 2),
(30964176, '2015-06-21', '11:49:11', 1, 1),
(31569817, '2015-07-22', '17:15:22', 0, 1),
(31748777, '2015-07-31', '14:34:26', 0, 1),
(31848237, '2015-08-06', '06:25:27', 3, 1),
(31963103, '2015-08-12', '10:52:29', 0, 1),
(32754135, '2015-09-24', '05:41:54', 1, 1),
(32858641, '2015-09-30', '05:45:41', 0, 1),
(32883888, '2015-10-01', '09:21:26', 0, 2),
(33001749, '2015-10-07', '20:21:38', 0, 0),
(33307154, '2015-10-23', '16:22:40', 0, 2),
(33367382, '2015-10-27', '11:56:13', 1, 1),
(34172022, '2015-12-09', '06:22:18', 0, 1),
(34903906, '2016-01-20', '15:22:40', 0, 2),
(35086728, '2016-01-29', '14:18:35', 1, 0),
(36671556, '2016-04-17', '01:01:51', 1, 1),
(36974145, '2016-05-02', '02:14:23', 5, 0),
(37076894, '2016-05-06', '16:07:02', 0, 0),
(37114641, '2016-05-09', '11:28:48', 0, 1),
(37784151, '2016-06-13', '07:38:15', 0, 1),
(37862149, '2016-06-16', '14:30:00', 0, 1),
(38546028, '2016-07-23', '20:12:06', 0, 1),
(38566173, '2016-07-25', '11:09:48', 0, 0),
(38646762, '2016-07-28', '21:07:18', 0, 1),
(40706073, '2016-11-20', '15:52:16', 1, 1),
(40845570, '2016-11-28', '13:32:20', 1, 1),
(41896726, '2017-01-27', '14:52:15', 0, 1),
(42032592, '2017-02-03', '20:34:07', 0, 1),
(42183071, '2017-02-12', '00:56:12', 0, 0),
(42255369, '2017-02-15', '16:48:43', -3, 0);

-- --------------------------------------------------------

--
-- Estrutura para tabela `pf_resp`
--

CREATE TABLE IF NOT EXISTS `pf_resp` (
  `id` int(15) NOT NULL,
  `parentalid` int(15) NOT NULL,
  `datar` varchar(15) CHARACTER SET utf8 COLLATE utf8_bin NOT NULL,
  `timer` varchar(8) CHARACTER SET utf8 COLLATE utf8_bin NOT NULL,
  `score` int(5) NOT NULL
) ENGINE=InnoDB DEFAULT CHARSET=latin1;

--
-- Fazendo dump de dados para tabela `pf_resp`
--

INSERT INTO `pf_resp` (`id`, `parentalid`, `datar`, `timer`, `score`) VALUES
(38644, 38642, '2008-09-02', '00:08:16', 16),
(38657, 38642, '2008-09-02', '00:38:10', 12),
(38658, 38642, '2008-09-02', '00:38:37', 7),
(40326, 38642, '2008-09-02', '19:09:02', 3),
(204785, 38642, '2008-10-15', '13:54:07', 3),
(205058, 38642, '2008-10-15', '15:00:46', 3),
(996895, 38642, '2009-06-15', '15:55:32', 2),
(1257836, 38642, '2009-08-10', '23:50:21', 3),
(1672864, 38642, '2009-11-04', '10:20:17', 2),
(3216633, 38642, '2010-07-09', '21:19:13', 1),
(3440222, 38642, '2010-08-09', '13:01:06', 1),
(3507658, 38642, '2010-08-17', '23:01:47', 10),
(307940, 305423, '2008-11-21', '05:14:50', 3),
(1105520, 1105476, '2009-07-09', '17:56:29', 2),
(1353844, 1353795, '2009-08-30', '13:16:02', 1),
(2028694, 2028425, '2010-01-08', '15:46:31', 8),
(2593198, 2593076, '2010-04-07', '14:20:01', 12),
(2593247, 2593076, '2010-04-07', '14:27:05', 2),
(6454815, 6454753, '2011-06-23', '13:26:35', 1),
(6454877, 6454753, '2011-06-23', '13:30:37', 0),
(6710781, 6553409, '2011-07-15', '17:15:40', 5),
(6755203, 6755108, '2011-07-19', '23:10:56', 0),
(6755937, 6755108, '2011-07-20', '01:10:42', 0),
(6874083, 6873973, '2011-07-29', '13:42:24', 34),
(13390041, 6873973, '2012-11-15', '01:00:36', -1),
(32063696, 6873973, '2015-08-18', '04:43:28', -1),
(38242943, 6873973, '2016-07-07', '10:16:07', 1),
(38502174, 6873973, '2016-07-21', '10:47:08', 1),
(9721683, 9710523, '2012-03-15', '14:21:50', 0),
(9722002, 9710523, '2012-03-15', '14:37:50', 3),
(10622923, 10622784, '2012-05-16', '16:39:31', 1),
(10622939, 10622784, '2012-05-16', '16:40:34', 0),
(11198702, 11197068, '2012-06-25', '23:11:17', 2),
(12004478, 12004210, '2012-08-17', '10:58:35', 1),
(12004853, 12004210, '2012-08-17', '11:24:17', 0),
(12980393, 12974739, '2012-10-19', '18:35:34', 0),
(13739618, 13622402, '2012-12-06', '08:27:54', 2),
(14057067, 14056631, '2012-12-27', '15:29:00', 5),
(14057139, 14056631, '2012-12-27', '15:33:59', 4),
(14718585, 14712484, '2013-02-05', '22:59:02', -1),
(14736099, 14712484, '2013-02-06', '18:22:17', 0),
(16167009, 16166741, '2013-04-23', '10:27:58', 1),
(16178856, 16166741, '2013-04-23', '20:44:55', 0),
(16246902, 16239733, '2013-04-27', '00:02:45', 0),
(16440681, 16440286, '2013-05-08', '12:27:51', 11),
(16483121, 16482965, '2013-05-10', '13:12:36', 0),
(16483244, 16482965, '2013-05-10', '13:19:04', 0),
(19159110, 19157556, '2013-10-03', '12:21:22', 2),
(21867305, 21867126, '2014-02-18', '22:56:46', 0),
(24288023, 24285275, '2014-06-18', '14:19:12', 0),
(25136268, 25134435, '2014-08-05', '10:12:23', 1),
(25649948, 25649947, '2014-09-03', '17:04:27', 0),
(26163384, 26163209, '2014-10-02', '14:44:10', 0),
(26164532, 26163209, '2014-10-02', '15:46:35', 1),
(26936329, 26934634, '2014-11-14', '18:12:32', 0),
(32142973, 26984152, '2015-08-21', '14:31:25', 0),
(27552128, 27543962, '2014-12-18', '17:16:15', 1),
(32312398, 29680612, '2015-08-31', '13:25:33', 0),
(30045134, 30031829, '2015-05-05', '05:45:59', 0),
(30485947, 30469979, '2015-05-27', '14:49:13', 0),
(30588832, 30587714, '2015-06-02', '06:25:29', 2),
(30690171, 30689964, '2015-06-07', '04:52:27', 0),
(30738867, 30738785, '2015-06-09', '17:27:28', 1),
(30738915, 30738785, '2015-06-09', '17:30:09', 1),
(30967256, 30964176, '2015-06-21', '17:20:18', 0),
(31622414, 31569817, '2015-07-25', '02:55:37', 0),
(31749211, 31748777, '2015-07-31', '14:54:24', 1),
(31849107, 31848237, '2015-08-06', '07:13:41', 5),
(35582743, 31963103, '2016-02-23', '16:23:18', 0),
(32783893, 32754135, '2015-09-25', '13:58:37', 0),
(32860245, 32858641, '2015-09-30', '07:25:24', 2),
(32884912, 32883888, '2015-10-01', '10:11:16', 0),
(32893411, 32883888, '2015-10-01', '17:28:52', 0),
(33307208, 33307154, '2015-10-23', '16:26:07', 1),
(33307376, 33307154, '2015-10-23', '16:36:22', 0),
(33373335, 33367382, '2015-10-27', '16:26:11', 0),
(34173989, 34172022, '2015-12-09', '08:27:25', 0),
(34909339, 34903906, '2016-01-20', '19:57:17', 0),
(34935620, 34903906, '2016-01-21', '22:31:10', 0),
(36753500, 36671556, '2016-04-20', '19:35:13', 3),
(39061791, 37114641, '2016-08-21', '07:17:46', 0),
(37788442, 37784151, '2016-06-13', '11:19:18', 1),
(37862422, 37862149, '2016-06-16', '14:42:22', 0),
(38547520, 38546028, '2016-07-24', '00:10:47', 0),
(38664272, 38646762, '2016-07-29', '17:20:14', 0),
(40706097, 40706073, '2016-11-20', '15:54:13', 1),
(40851235, 40845570, '2016-11-28', '18:39:04', 1),
(41896727, 41896726, '2017-01-27', '14:52:15', 0),
(42454132, 42032592, '2017-02-25', '09:13:50', 0);

-- --------------------------------------------------------

--
-- Estrutura para tabela `pl_perg`
--

CREATE TABLE IF NOT EXISTS `pl_perg` (
  `id` int(15) NOT NULL,
  `datap` varchar(15) CHARACTER SET utf8 COLLATE utf8_bin NOT NULL,
  `timer` varchar(8) CHARACTER SET utf8 COLLATE utf8_bin NOT NULL,
  `score` int(5) NOT NULL,
  `answ` int(5) NOT NULL
) ENGINE=InnoDB DEFAULT CHARSET=latin1;

--
-- Fazendo dump de dados para tabela `pl_perg`
--

INSERT INTO `pl_perg` (`id`, `datap`, `timer`, `score`, `answ`) VALUES
(10872, '2008-08-14', '10:34:05', 3, 9),
(167014, '2008-10-03', '13:59:01', 26, 8),
(305423, '2008-11-20', '14:21:07', 3, 1),
(647830, '2009-03-15', '13:45:26', 0, 1),
(657477, '2009-03-18', '09:11:04', 1, 3),
(794263, '2009-04-27', '16:28:38', 3, 3),
(795510, '2009-04-27', '22:19:49', 2, 1),
(842071, '2009-05-08', '22:23:02', 0, 2),
(983390, '2009-06-11', '20:13:38', 3, 1),
(1059047, '2009-06-29', '15:50:51', -1, 2),
(1097950, '2009-07-08', '13:05:50', 0, 1),
(1148500, '2009-07-18', '20:36:09', 0, 3),
(1245485, '2009-08-07', '15:40:16', 5, 3),
(1411311, '2009-09-11', '14:42:06', 3, 2),
(1657927, '2009-11-01', '18:39:04', 2, 4),
(1765119, '2009-11-19', '17:35:35', 9, 1),
(1948698, '2009-12-22', '19:49:20', 0, 1),
(2016486, '2010-01-06', '21:44:09', 5, 2),
(2058167, '2010-01-13', '16:07:39', 0, 3),
(2087302, '2010-01-18', '15:59:22', 0, 4),
(2126226, '2010-01-24', '06:56:02', -1, 2),
(2432256, '2010-03-12', '11:10:54', 12, 3),
(2866615, '2010-05-19', '14:49:06', 0, 2),
(2894247, '2010-05-24', '01:10:09', 2, 5),
(2969283, '2010-06-03', '19:53:04', -5, 5),
(3016682, '2010-06-10', '17:07:00', 8, 1),
(3335371, '2010-07-26', '13:46:26', 0, 3),
(3467098, '2010-08-12', '11:25:41', 0, 1),
(3743496, '2010-09-18', '21:05:33', 16, 7),
(3753417, '2010-09-20', '16:24:25', 2, 2),
(4485808, '2010-12-19', '23:44:53', 15, 4),
(5688527, '2011-04-16', '18:11:29', 0, 1),
(5879902, '2011-05-04', '07:20:43', 9, 1),
(6044580, '2011-05-18', '12:22:16', 3, 2),
(6181295, '2011-05-30', '22:36:04', 7, 1),
(6283150, '2011-06-08', '17:59:23', 3, 1),
(6376814, '2011-06-16', '18:30:56', 0, 1),
(6396979, '2011-06-18', '15:22:21', 1, 1),
(6564764, '2011-07-03', '18:33:39', 0, 1),
(6876199, '2011-07-29', '16:32:06', 0, 1),
(7020520, '2011-08-11', '03:32:17', 1, 1),
(7498823, '2011-09-21', '11:17:18', 0, 4),
(7667485, '2011-10-05', '20:43:51', 0, 3),
(7679577, '2011-10-06', '19:39:10', 0, 1),
(7864474, '2011-10-23', '05:09:01', 0, 3),
(7964768, '2011-11-01', '09:47:53', 1, 1),
(8232926, '2011-11-22', '19:55:44', 0, 1),
(8406682, '2011-12-06', '20:53:04', 0, 3),
(8432753, '2011-12-08', '14:44:38', 8, 1),
(8929714, '2012-01-19', '16:34:33', 2, 1),
(9323142, '2012-02-17', '05:00:24', 1, 1),
(9486443, '2012-02-28', '17:08:41', 58, 13),
(9596322, '2012-03-07', '05:31:42', 0, 0),
(9828951, '2012-03-22', '19:13:32', 1, 1),
(9910058, '2012-03-28', '14:50:35', 0, 3),
(9969539, '2012-04-02', '00:19:02', 2, 2),
(9995227, '2012-04-03', '14:21:21', 0, 1),
(10365469, '2012-04-28', '16:37:18', 1, 2),
(10441672, '2012-05-04', '01:52:22', 0, 0),
(10474890, '2012-05-06', '22:41:12', 3, 2),
(11160383, '2012-06-22', '16:30:51', 0, 1),
(11585499, '2012-07-20', '19:04:50', 3, 1),
(11779938, '2012-08-02', '14:43:44', 0, 1),
(11811680, '2012-08-04', '20:13:36', 0, 1),
(11818944, '2012-08-05', '18:25:02', 0, 2),
(11969754, '2012-08-15', '13:01:38', 0, 1),
(12007977, '2012-08-17', '14:46:06', 0, 1),
(12697309, '2012-10-02', '19:54:51', 0, 2),
(12802573, '2012-10-09', '14:42:52', 0, 1),
(13239129, '2012-11-05', '19:39:45', 0, 2),
(13291195, '2012-11-08', '14:42:28', 0, 5),
(13961422, '2012-12-19', '21:23:30', 1, 0),
(14213470, '2013-01-08', '10:59:31', 0, 1),
(14244241, '2013-01-09', '18:44:11', 3, 1),
(14277751, '2013-01-11', '11:58:07', 0, 0),
(14477522, '2013-01-23', '10:32:14', 0, 1),
(14509587, '2013-01-24', '19:54:07', 0, 1),
(14563838, '2013-01-28', '14:08:45', 0, 1),
(14649428, '2013-02-01', '15:20:09', -2, 1),
(14700391, '2013-02-05', '04:49:25', 0, 1),
(15000903, '2013-02-21', '11:18:26', 0, 1),
(15413278, '2013-03-14', '15:21:20', 2, 1),
(15434632, '2013-03-15', '14:13:30', 3, 0),
(15534118, '2013-03-20', '20:32:56', 1, 1),
(15574561, '2013-03-22', '15:51:31', 0, 1),
(15583685, '2013-03-23', '05:20:24', 1, 2),
(15888226, '2013-04-08', '20:21:06', 2, 0),
(16076514, '2013-04-18', '07:03:27', 0, 1),
(16090153, '2013-04-18', '18:06:15', 0, 2),
(16107663, '2013-04-19', '15:03:22', 1, 1),
(16740880, '2013-05-24', '17:53:23', 0, 4),
(16845696, '2013-05-30', '20:52:52', 0, 2),
(17220501, '2013-06-20', '17:54:59', 0, 1),
(17406896, '2013-07-01', '14:27:54', 1, 0),
(17691611, '2013-07-17', '05:12:53', 0, 2),
(18220663, '2013-08-13', '23:01:51', 41, 3),
(18371287, '2013-08-22', '03:40:10', 1, 2),
(18456036, '2013-08-27', '02:33:39', 1, 0),
(18561843, '2013-09-01', '19:02:40', 0, 1),
(18585747, '2013-09-03', '06:40:24', 2, 1),
(18633363, '2013-09-05', '10:03:01', 0, 2),
(18730460, '2013-09-10', '23:41:52', 1, 1),
(18757450, '2013-09-12', '06:58:35', 0, 1),
(18860906, '2013-09-17', '22:26:40', 0, 2),
(18948881, '2013-09-22', '21:22:31', 0, 2),
(19252933, '2013-10-08', '16:12:40', 0, 1),
(19333400, '2013-10-12', '10:57:45', 0, 1),
(19445074, '2013-10-18', '08:33:54', 3, 1),
(19555310, '2013-10-24', '01:29:47', 7, 1),
(19847184, '2013-11-07', '21:37:57', 1, 2),
(20116417, '2013-11-21', '09:00:59', 0, 1),
(20541773, '2013-12-12', '11:04:38', 0, 1),
(20608042, '2013-12-16', '10:03:34', 0, 0),
(20617107, '2013-12-16', '17:36:43', 1, 0),
(20681472, '2013-12-19', '12:10:53', 6, 1),
(20963840, '2014-01-07', '04:20:33', 0, 1),
(21294121, '2014-01-22', '21:14:41', 0, 1),
(21444584, '2014-01-29', '23:03:47', 0, 2),
(21752456, '2014-02-13', '11:08:47', 1, 1),
(21861814, '2014-02-18', '18:01:30', 0, 2),
(21911268, '2014-02-20', '14:50:12', 0, 1),
(22212174, '2014-03-06', '00:06:13', 0, 1),
(22217790, '2014-03-06', '07:22:39', 0, 3),
(22310487, '2014-03-10', '20:21:27', 5, 3),
(22658918, '2014-03-26', '11:01:18', -1, 1),
(22800129, '2014-04-02', '01:55:44', 1, 1),
(23108934, '2014-04-16', '12:03:55', 2, 1),
(23386213, '2014-04-30', '10:54:55', 0, 3),
(23408387, '2014-05-01', '13:11:29', 0, 3),
(23432033, '2014-05-02', '15:46:11', 0, 1),
(23754991, '2014-05-20', '08:46:09', 0, 0),
(23809712, '2014-05-22', '14:28:13', 1, 2),
(23846337, '2014-05-24', '14:46:03', 0, 1),
(23925989, '2014-05-29', '05:01:43', 0, 1),
(24561155, '2014-07-03', '18:43:47', 0, 1),
(24661408, '2014-07-09', '18:39:00', -4, 1),
(24696947, '2014-07-11', '11:46:02', -1, 1),
(24782836, '2014-07-16', '14:01:43', 0, 2),
(25050967, '2014-07-31', '04:41:36', 0, 1),
(25689630, '2014-09-05', '15:48:55', 1, 1),
(25801674, '2014-09-12', '05:57:36', 0, 0),
(26064350, '2014-09-26', '16:40:33', -1, 3),
(26177143, '2014-10-03', '10:16:02', -2, 1),
(26302048, '2014-10-10', '14:43:20', 0, 1),
(26413017, '2014-10-16', '20:09:47', 0, 2),
(26479570, '2014-10-21', '05:38:08', 1, 2),
(26539783, '2014-10-24', '00:40:48', 0, 1),
(27039518, '2014-11-20', '12:21:48', 0, 2),
(27726755, '2014-12-31', '22:08:03', 0, 1),
(27747603, '2015-01-02', '19:37:48', 0, 1),
(27919420, '2015-01-13', '10:00:21', -1, 1),
(27935790, '2015-01-14', '04:18:14', 1, 2),
(28123946, '2015-01-24', '09:10:56', 1, 1),
(28326401, '2015-02-04', '16:27:29', 0, 0),
(28724299, '2015-02-25', '16:27:39', 0, 0),
(28832703, '2015-03-03', '13:12:18', 9, 1),
(28890827, '2015-03-06', '01:15:54', 0, 2),
(29337009, '2015-03-30', '01:18:53', -1, 1),
(29666849, '2015-04-16', '06:25:07', 0, 1),
(29923593, '2015-04-28', '15:28:54', 1, 0),
(30038590, '2015-05-04', '19:40:22', 0, 1),
(30049936, '2015-05-05', '10:03:38', 14, 2),
(30323752, '2015-05-19', '11:00:20', 1, 1),
(30672306, '2015-06-05', '17:18:37', 0, 0),
(30846016, '2015-06-15', '13:07:48', 0, 1),
(31186358, '2015-07-02', '13:45:17', 0, 3),
(31334370, '2015-07-10', '06:56:42', 0, 0),
(31464164, '2015-07-16', '20:43:17', 0, 0),
(31577636, '2015-07-23', '03:22:18', 0, 1),
(31663701, '2015-07-27', '21:33:59', 0, 1),
(31749306, '2015-07-31', '14:58:44', 3, 1),
(31780726, '2015-08-03', '06:30:39', 2, 1),
(31917563, '2015-08-10', '10:48:05', 0, 2),
(31964317, '2015-08-12', '11:45:58', 0, 1),
(32168720, '2015-08-23', '16:10:51', 2, 1),
(32254209, '2015-08-27', '15:54:45', 2, 2),
(32441001, '2015-09-07', '14:27:23', 0, 1),
(32448359, '2015-09-08', '02:29:09', 0, 1),
(32616565, '2015-09-16', '18:56:33', 1, 1),
(33022829, '2015-10-08', '17:58:48', 0, 1),
(33175941, '2015-10-16', '17:09:20', 0, 1),
(33229003, '2015-10-20', '05:52:53', 0, 2),
(33362656, '2015-10-27', '08:06:18', 1, 0),
(33460954, '2015-11-01', '09:53:02', -2, 1),
(33497447, '2015-11-03', '11:00:59', 0, 3),
(33655535, '2015-11-11', '16:48:13', 1, 2),
(33669658, '2015-11-12', '10:45:48', 0, 1),
(33851026, '2015-11-22', '02:35:36', 0, 1),
(33927429, '2015-11-25', '22:20:17', 0, 1),
(34798042, '2016-01-14', '19:29:01', -2, 1),
(34866320, '2016-01-19', '00:01:26', 0, 1),
(34972754, '2016-01-24', '06:01:30', 1, 2),
(35485459, '2016-02-18', '15:22:07', 0, 1),
(35995822, '2016-03-14', '18:57:49', 0, 0),
(36320940, '2016-03-30', '22:33:34', 0, 1),
(36446692, '2016-04-06', '09:17:38', 0, 0),
(36652595, '2016-04-15', '16:42:09', 0, 0),
(36729701, '2016-04-19', '21:20:39', 13, 4),
(36761936, '2016-04-21', '06:58:09', 1, 1),
(36996555, '2016-05-03', '05:49:43', 0, 0),
(37050005, '2016-05-05', '11:58:19', 2, 2),
(37315271, '2016-05-19', '06:19:08', 2, 3),
(37486472, '2016-05-27', '14:48:50', 0, 1),
(37523601, '2016-05-30', '10:38:34', 0, 0),
(37592646, '2016-06-02', '13:01:39', 0, 1),
(37869352, '2016-06-16', '21:07:21', 0, 1),
(38292382, '2016-07-10', '13:27:06', 0, 0),
(38547757, '2016-07-24', '00:57:07', 0, 1),
(38553178, '2016-07-24', '14:33:31', 1, 1),
(38850995, '2016-08-09', '12:38:44', 1, 1),
(38878012, '2016-08-10', '15:41:22', 0, 1),
(39025074, '2016-08-18', '18:24:11', -1, 1),
(39243809, '2016-08-31', '07:55:02', 0, 3),
(39249293, '2016-08-31', '12:11:06', 0, 1),
(39299262, '2016-09-02', '19:09:32', 1, 0),
(39422585, '2016-09-10', '04:33:20', 0, 1),
(39456619, '2016-09-12', '18:34:23', 0, 0),
(39564389, '2016-09-19', '02:02:04', 1, 1),
(39567466, '2016-09-19', '07:21:17', 0, 2),
(39967699, '2016-10-10', '22:27:45', 0, 0),
(39971344, '2016-10-11', '06:10:46', 0, 0),
(40179922, '2016-10-21', '15:01:16', 0, 0),
(40245769, '2016-10-25', '17:06:51', 1, 1),
(40246335, '2016-10-25', '17:41:40', 0, 2),
(40313688, '2016-10-28', '21:53:26', 1, 1),
(40449141, '2016-11-06', '12:05:50', 0, 1),
(40587716, '2016-11-14', '11:30:22', 0, 1),
(40603718, '2016-11-15', '06:49:54', 0, 0),
(40695491, '2016-11-19', '16:52:33', 0, 1),
(40800675, '2016-11-25', '08:35:19', 0, 1),
(40856773, '2016-11-29', '02:21:10', 0, 0),
(41027047, '2016-12-07', '20:45:07', 0, 1),
(41043654, '2016-12-08', '15:59:13', 0, 1),
(41365857, '2016-12-28', '16:16:42', 0, 1),
(41389308, '2016-12-30', '01:06:33', 0, 0),
(41442721, '2017-01-03', '11:41:30', 2, 1),
(41769055, '2017-01-20', '17:16:06', 1, 2),
(41769288, '2017-01-20', '17:30:34', 0, 1),
(41898931, '2017-01-27', '16:45:47', 0, 0),
(42054179, '2017-02-05', '16:03:33', 0, 0),
(42336325, '2017-02-20', '04:08:25', 1, 1),
(42367960, '2017-02-21', '12:56:42', 0, 1),
(42370774, '2017-02-21', '14:58:36', -1, 1),
(42398071, '2017-02-22', '17:12:50', 0, 1),
(42426319, '2017-02-23', '21:15:15', 1, 0),
(42513002, '2017-02-28', '15:42:11', 0, 1),
(42526188, '2017-03-01', '08:00:22', 0, 0),
(42701468, '2017-03-09', '17:11:50', 0, 0),
(42757297, '2017-03-13', '05:47:17', 0, 2),
(42766822, '2017-03-13', '15:00:46', 0, 1);

-- --------------------------------------------------------

--
-- Estrutura para tabela `pl_resp`
--

CREATE TABLE IF NOT EXISTS `pl_resp` (
  `id` int(15) NOT NULL,
  `parentalid` int(15) NOT NULL,
  `datar` varchar(15) CHARACTER SET utf8 COLLATE utf8_bin NOT NULL,
  `timer` varchar(8) CHARACTER SET utf8 COLLATE utf8_bin NOT NULL,
  `score` int(5) NOT NULL
) ENGINE=InnoDB DEFAULT CHARSET=latin1;

--
-- Fazendo dump de dados para tabela `pl_resp`
--

INSERT INTO `pl_resp` (`id`, `parentalid`, `datar`, `timer`, `score`) VALUES
(10873, 10872, '2008-08-14', '10:36:04', 3),
(10876, 10872, '2008-08-14', '10:42:16', 1),
(10878, 10872, '2008-08-14', '10:42:36', 5),
(10879, 10872, '2008-08-14', '10:42:53', 1),
(10882, 10872, '2008-08-14', '10:50:21', 6),
(10896, 10872, '2008-08-14', '11:09:46', 2),
(11321, 10872, '2008-08-14', '16:45:34', 3),
(11339, 10872, '2008-08-14', '17:04:36', 1),
(11343, 10872, '2008-08-14', '17:08:44', 0),
(167028, 167014, '2008-10-03', '14:01:40', 4),
(167029, 167014, '2008-10-03', '14:01:48', 3),
(167054, 167014, '2008-10-03', '14:08:20', 6),
(167062, 167014, '2008-10-03', '14:10:52', 12),
(167357, 167014, '2008-10-03', '15:14:18', 17),
(169924, 167014, '2008-10-04', '07:35:45', 1),
(174883, 167014, '2008-10-06', '15:54:50', 1),
(22235758, 167014, '2014-03-06', '20:55:02', 0),
(307940, 305423, '2008-11-21', '05:14:50', 3),
(649651, 647830, '2009-03-16', '08:42:56', 0),
(657545, 657477, '2009-03-18', '09:29:22', 1),
(660354, 657477, '2009-03-18', '22:29:40', 0),
(680887, 657477, '2009-03-25', '09:44:45', 0),
(794297, 794263, '2009-04-27', '16:36:22', 0),
(794301, 794263, '2009-04-27', '16:37:48', 0),
(794305, 794263, '2009-04-27', '16:38:09', 1),
(796298, 795510, '2009-04-28', '05:01:53', 4),
(842088, 842071, '2009-05-08', '22:28:56', 1),
(842092, 842071, '2009-05-08', '22:30:03', 0),
(1694010, 983390, '2009-11-07', '18:48:08', 1),
(1111419, 1059047, '2009-07-10', '19:08:44', 0),
(1173698, 1059047, '2009-07-23', '18:39:13', 1),
(1098196, 1097950, '2009-07-08', '13:49:07', 1),
(1148535, 1148500, '2009-07-18', '20:51:52', 1),
(1148536, 1148500, '2009-07-18', '20:51:57', 0),
(1148543, 1148500, '2009-07-18', '20:53:30', 1),
(1245535, 1245485, '2009-08-07', '15:47:39', 0),
(1246257, 1245485, '2009-08-07', '18:18:19', 0),
(1247649, 1245485, '2009-08-08', '00:59:18', 6),
(1411363, 1411311, '2009-09-11', '14:50:08', 2),
(3725377, 1411311, '2010-09-16', '09:33:03', 1),
(1659134, 1657927, '2009-11-02', '02:07:05', 5),
(1664243, 1657927, '2009-11-02', '22:51:10', 1),
(1707759, 1657927, '2009-11-10', '12:54:51', 2),
(2083999, 1657927, '2010-01-18', '05:02:53', 0),
(1765200, 1765119, '2009-11-19', '17:47:54', 2),
(1949415, 1948698, '2009-12-22', '21:47:33', 2),
(2016650, 2016486, '2010-01-06', '22:10:54', 5),
(2018269, 2016486, '2010-01-07', '04:50:40', 5),
(2058196, 2058167, '2010-01-13', '16:09:18', 1),
(2058212, 2058167, '2010-01-13', '16:10:18', 0),
(2058217, 2058167, '2010-01-13', '16:11:04', 0),
(2087331, 2087302, '2010-01-18', '16:03:09', 2),
(2087426, 2087302, '2010-01-18', '16:16:24', 0),
(2087789, 2087302, '2010-01-18', '17:12:01', 0),
(2366252, 2087302, '2010-03-02', '19:50:23', 0),
(2126445, 2126226, '2010-01-24', '08:30:37', 0),
(2126648, 2126226, '2010-01-24', '10:13:05', 0),
(2432391, 2432256, '2010-03-12', '11:35:53', 2),
(2432415, 2432256, '2010-03-12', '11:41:44', 0),
(3041377, 2432256, '2010-06-14', '22:24:27', 21),
(2866667, 2866615, '2010-05-19', '14:56:35', 1),
(2866704, 2866615, '2010-05-19', '15:00:51', 1),
(3032711, 2894247, '2010-06-13', '15:14:28', 0),
(3032730, 2894247, '2010-06-13', '15:19:27', 2),
(6272729, 2894247, '2011-06-07', '23:28:29', 1),
(8824293, 2894247, '2012-01-11', '18:02:20', 0),
(27542943, 2894247, '2014-12-18', '09:14:51', 1),
(2969553, 2969283, '2010-06-03', '20:34:08', 2),
(2969639, 2969283, '2010-06-03', '20:45:28', 2),
(2969710, 2969283, '2010-06-03', '20:56:44', 0),
(2969922, 2969283, '2010-06-03', '21:29:17', 2),
(2970347, 2969283, '2010-06-03', '22:48:49', 0),
(3021266, 3016682, '2010-06-11', '08:23:01', 12),
(3335423, 3335371, '2010-07-26', '13:52:50', 0),
(3336029, 3335371, '2010-07-26', '14:54:36', 0),
(3336669, 3335371, '2010-07-26', '16:07:44', 4),
(3467130, 3467098, '2010-08-12', '11:30:15', 0),
(3743515, 3743496, '2010-09-18', '21:08:42', 1),
(3743520, 3743496, '2010-09-18', '21:09:52', 25),
(3743531, 3743496, '2010-09-18', '21:13:53', 4),
(3743542, 3743496, '2010-09-18', '21:16:20', 3),
(3743594, 3743496, '2010-09-18', '21:32:29', 9),
(3744163, 3743496, '2010-09-19', '01:22:47', 1),
(3744191, 3743496, '2010-09-19', '01:34:41', 3),
(4694686, 3753417, '2011-01-14', '18:43:32', 1),
(5454004, 3753417, '2011-03-28', '02:14:51', 1),
(4485831, 4485808, '2010-12-19', '23:49:52', 6),
(4485833, 4485808, '2010-12-19', '23:50:44', 21),
(4485835, 4485808, '2010-12-19', '23:50:59', 2),
(4485836, 4485808, '2010-12-19', '23:51:13', 3),
(9237217, 5688527, '2012-02-11', '02:07:33', 0),
(5897303, 5879902, '2011-05-05', '11:59:49', 11),
(6069113, 6044580, '2011-05-20', '08:06:10', 2),
(7673742, 6044580, '2011-10-06', '11:42:22', 2),
(6181577, 6181295, '2011-05-30', '23:26:40', 12),
(6287728, 6283150, '2011-06-09', '03:14:40', 3),
(6376846, 6376814, '2011-06-16', '18:34:01', 1),
(6400296, 6396979, '2011-06-19', '03:17:44', 2),
(6565066, 6564764, '2011-07-03', '19:29:23', 1),
(6888820, 6876199, '2011-07-31', '10:12:32', 1),
(7020674, 7020520, '2011-08-11', '03:56:14', 1),
(7498902, 7498823, '2011-09-21', '11:24:08', 1),
(7498918, 7498823, '2011-09-21', '11:25:18', 0),
(7500576, 7498823, '2011-09-21', '13:29:55', 1),
(7505130, 7498823, '2011-09-21', '18:56:31', 0),
(7667609, 7667485, '2011-10-05', '20:54:04', 0),
(7668787, 7667485, '2011-10-05', '23:08:13', 0),
(30414630, 7667485, '2015-05-23', '15:47:25', 0),
(9153968, 7679577, '2012-02-05', '23:10:14', 1),
(7864516, 7864474, '2011-10-23', '05:25:43', 0),
(7865141, 7864474, '2011-10-23', '08:32:03', 0),
(7876736, 7864474, '2011-10-24', '13:55:33', 1),
(7967444, 7964768, '2011-11-01', '13:49:13', 2),
(8234797, 8232926, '2011-11-22', '22:29:19', 1),
(8406716, 8406682, '2011-12-06', '20:56:14', 1),
(8406738, 8406682, '2011-12-06', '20:57:42', 2),
(8406747, 8406682, '2011-12-06', '20:58:41', 0),
(8432816, 8432753, '2011-12-08', '14:50:43', 1),
(9046209, 8929714, '2012-01-28', '14:59:58', 0),
(9326682, 9323142, '2012-02-17', '10:35:38', 3),
(9488288, 9486443, '2012-02-28', '19:21:06', 33),
(9488366, 9486443, '2012-02-28', '19:26:36', 6),
(9643324, 9486443, '2012-03-10', '02:07:14', 57),
(11341861, 9486443, '2012-07-05', '09:51:45', 37),
(11530612, 9486443, '2012-07-17', '20:45:15', 5),
(12063368, 9486443, '2012-08-21', '21:32:31', 7),
(17611858, 9486443, '2013-07-12', '09:36:50', 1),
(18435339, 9486443, '2013-08-26', '01:10:35', 2),
(29468299, 9486443, '2015-04-06', '09:07:40', 1),
(29768898, 9486443, '2015-04-21', '09:58:40', 2),
(29832979, 9486443, '2015-04-23', '19:48:19', 1),
(36090692, 9486443, '2016-03-18', '17:27:26', 1),
(37063857, 9486443, '2016-05-06', '03:44:52', 0),
(9831884, 9828951, '2012-03-22', '23:09:28', 2),
(9910221, 9910058, '2012-03-28', '14:58:10', 4),
(9910353, 9910058, '2012-03-28', '15:03:39', 0),
(9912552, 9910058, '2012-03-28', '17:19:32', 0),
(9969617, 9969539, '2012-04-02', '00:33:52', 2),
(9969672, 9969539, '2012-04-02', '00:41:50', 3),
(9999798, 9995227, '2012-04-03', '19:11:55', 2),
(10368350, 10365469, '2012-04-28', '23:07:51', 1),
(29575049, 10365469, '2015-04-11', '06:54:18', 0),
(10480000, 10474890, '2012-05-07', '09:51:45', 3),
(10611120, 10474890, '2012-05-16', '02:10:12', 4),
(11161527, 11160383, '2012-06-22', '17:48:29', 2),
(11585760, 11585499, '2012-07-20', '19:26:41', 9),
(14751396, 11779938, '2013-02-07', '12:42:22', 0),
(12246437, 11811680, '2012-09-03', '10:54:51', 0),
(11819028, 11818944, '2012-08-05', '18:37:55', 0),
(11819312, 11818944, '2012-08-05', '19:16:03', 0),
(11974029, 11969754, '2012-08-15', '17:24:13', 3),
(12022945, 12007977, '2012-08-18', '23:09:25', 2),
(13562895, 12697309, '2012-11-26', '10:28:27', 4),
(14774031, 12697309, '2013-02-08', '13:50:03', 0),
(12802694, 12802573, '2012-10-09', '14:48:57', 0),
(13239477, 13239129, '2012-11-05', '20:03:06', 2),
(13240285, 13239129, '2012-11-05', '20:59:33', 2),
(13291772, 13291195, '2012-11-08', '15:12:13', 0),
(13292088, 13291195, '2012-11-08', '15:29:01', 9),
(13302624, 13291195, '2012-11-09', '05:35:57', 0),
(19343941, 13291195, '2013-10-13', '10:03:01', 3),
(35812430, 13291195, '2016-03-05', '09:31:19', 0),
(14227069, 14213470, '2013-01-09', '01:44:30', 0),
(15119920, 14244241, '2013-02-27', '18:50:23', 1),
(14504256, 14477522, '2013-01-24', '14:57:36', 1),
(14521047, 14509587, '2013-01-25', '11:37:50', 0),
(14596584, 14563838, '2013-01-30', '04:14:43', 0),
(14649667, 14649428, '2013-02-01', '15:32:07', 0),
(14712136, 14700391, '2013-02-05', '16:25:04', 0),
(16902065, 15000903, '2013-06-03', '17:06:35', 0),
(15434781, 15413278, '2013-03-15', '14:21:02', 1),
(15534242, 15534118, '2013-03-20', '20:39:49', 1),
(19143210, 15574561, '2013-10-02', '17:35:33', 0),
(15584409, 15583685, '2013-03-23', '07:27:12', 2),
(16391452, 15583685, '2013-05-06', '03:06:50', 0),
(16078297, 16076514, '2013-04-18', '08:42:39', 0),
(16091039, 16090153, '2013-04-18', '18:58:42', 0),
(16099976, 16090153, '2013-04-19', '07:58:35', 1),
(16108511, 16107663, '2013-04-19', '15:46:58', 0),
(16740953, 16740880, '2013-05-24', '17:58:53', 0),
(16740963, 16740880, '2013-05-24', '17:59:21', 0),
(16740967, 16740880, '2013-05-24', '17:59:44', 0),
(16740989, 16740880, '2013-05-24', '18:01:04', 0),
(16845731, 16845696, '2013-05-30', '20:55:54', 1),
(16845736, 16845696, '2013-05-30', '20:55:59', 0),
(17246619, 17220501, '2013-06-22', '01:57:49', 1),
(17811524, 17691611, '2013-07-23', '13:25:51', 1),
(27293664, 17691611, '2014-12-04', '12:04:26', 0),
(18232423, 18220663, '2013-08-14', '12:59:41', 8),
(18270999, 18220663, '2013-08-16', '10:17:24', 1),
(27432468, 18220663, '2014-12-11', '21:13:27', 2),
(18371701, 18371287, '2013-08-22', '04:28:04', -1),
(18374432, 18371287, '2013-08-22', '07:41:47', 1),
(18617185, 18561843, '2013-09-04', '14:55:46', 1),
(36982122, 18585747, '2016-05-02', '12:10:24', 0),
(18633584, 18633363, '2013-09-05', '10:13:50', 0),
(18716243, 18633363, '2013-09-10', '10:17:22', 0),
(18730590, 18730460, '2013-09-10', '23:54:48', 0),
(18757653, 18757450, '2013-09-12', '07:08:33', 1),
(18860989, 18860906, '2013-09-17', '22:33:54', 3),
(18860991, 18860906, '2013-09-17', '22:33:59', 0),
(18948923, 18948881, '2013-09-22', '21:28:01', 0),
(18949128, 18948881, '2013-09-22', '21:51:28', 0),
(19257336, 19252933, '2013-10-08', '20:08:40', 2),
(19363498, 19333400, '2013-10-14', '15:16:25', 1),
(19445641, 19445074, '2013-10-18', '09:03:10', 3),
(19555347, 19555310, '2013-10-24', '01:33:27', 10),
(19847795, 19847184, '2013-11-07', '22:15:18', 2),
(19847810, 19847184, '2013-11-07', '22:16:38', 3),
(20118829, 20116417, '2013-11-21', '10:48:53', 0),
(20542862, 20541773, '2013-12-12', '11:56:22', 0),
(29134442, 20681472, '2015-03-18', '23:15:30', 2),
(20976762, 20963840, '2014-01-07', '16:26:37', 0),
(21294368, 21294121, '2014-01-22', '21:30:12', 0),
(21444725, 21444584, '2014-01-29', '23:14:29', 0),
(37044661, 21444584, '2016-05-05', '07:14:09', 0),
(21774818, 21752456, '2014-02-14', '08:56:56', 0),
(21861966, 21861814, '2014-02-18', '18:09:05', 0),
(21862284, 21861814, '2014-02-18', '18:24:36', 1),
(21913287, 21911268, '2014-02-20', '16:08:57', 0),
(22212217, 22212174, '2014-03-06', '00:10:40', 5),
(22230817, 22217790, '2014-03-06', '16:49:29', 1),
(22232449, 22217790, '2014-03-06', '18:04:14', 3),
(22269463, 22217790, '2014-03-08', '12:43:20', 1),
(22311019, 22310487, '2014-03-10', '20:50:16', 3),
(22311161, 22310487, '2014-03-10', '20:59:02', 0),
(22311259, 22310487, '2014-03-10', '21:04:16', 0),
(22659066, 22658918, '2014-03-26', '11:07:12', 0),
(22804038, 22800129, '2014-04-02', '07:13:33', 1),
(23111435, 23108934, '2014-04-16', '13:50:34', 0),
(23386273, 23386213, '2014-04-30', '10:58:06', 1),
(23386289, 23386213, '2014-04-30', '10:58:55', 1),
(23386447, 23386213, '2014-04-30', '11:06:34', 1),
(23408445, 23408387, '2014-05-01', '13:14:37', 2),
(23408481, 23408387, '2014-05-01', '13:16:41', 0),
(23408491, 23408387, '2014-05-01', '13:17:09', 0),
(23465361, 23432033, '2014-05-05', '05:25:47', 0),
(23811014, 23809712, '2014-05-22', '15:23:35', 0),
(23811636, 23809712, '2014-05-22', '15:50:05', 1),
(23937826, 23846337, '2014-05-29', '16:09:28', 1),
(23929721, 23925989, '2014-05-29', '09:12:34', 0),
(24619761, 24561155, '2014-07-07', '20:57:42', 0),
(24661515, 24661408, '2014-07-09', '18:45:01', 0),
(24697173, 24696947, '2014-07-11', '11:58:07', 0),
(24783055, 24782836, '2014-07-16', '14:11:44', 0),
(24783661, 24782836, '2014-07-16', '14:38:52', 1),
(25060577, 25050967, '2014-07-31', '13:48:55', 1),
(25694866, 25689630, '2014-09-05', '22:35:03', 1),
(26064413, 26064350, '2014-09-26', '16:44:40', 0),
(26064419, 26064350, '2014-09-26', '16:44:52', 3),
(26064422, 26064350, '2014-09-26', '16:45:01', 2),
(26177290, 26177143, '2014-10-03', '10:25:55', 0),
(26302192, 26302048, '2014-10-10', '14:50:53', 2),
(26413190, 26413017, '2014-10-16', '20:19:56', 1),
(26414520, 26413017, '2014-10-16', '21:51:17', 1),
(26480329, 26479570, '2014-10-21', '06:33:34', 3),
(26515580, 26479570, '2014-10-22', '19:31:25', 1),
(26540106, 26539783, '2014-10-24', '01:27:03', 0),
(27039632, 27039518, '2014-11-20', '12:27:19', 0),
(27079853, 27039518, '2014-11-22', '16:45:47', 0),
(27726871, 27726755, '2014-12-31', '22:24:29', 0),
(27749423, 27747603, '2015-01-02', '22:34:27', 0),
(27962773, 27919420, '2015-01-15', '11:49:15', 1),
(27955019, 27935790, '2015-01-15', '00:35:23', 0),
(32961272, 27935790, '2015-10-06', '03:34:01', 1),
(28124288, 28123946, '2015-01-24', '09:57:25', 0),
(29570790, 28832703, '2015-04-10', '21:13:26', 7),
(28895240, 28890827, '2015-03-06', '08:54:45', 1),
(28906106, 28890827, '2015-03-06', '19:23:10', 0),
(29342279, 29337009, '2015-03-30', '09:09:50', 0),
(29667332, 29666849, '2015-04-16', '06:50:58', 0),
(30040075, 30038590, '2015-05-04', '21:12:28', 2),
(30050753, 30049936, '2015-05-05', '10:41:48', 0),
(30887522, 30049936, '2015-06-17', '09:27:49', 1),
(30346257, 30323752, '2015-05-20', '09:54:36', 0),
(30846453, 30846016, '2015-06-15', '13:29:30', 0),
(31186698, 31186358, '2015-07-02', '14:01:08', 0),
(31205623, 31186358, '2015-07-03', '11:21:24', 0),
(31205705, 31186358, '2015-07-03', '11:25:18', 0),
(31577836, 31577636, '2015-07-23', '03:49:20', 0),
(31882133, 31663701, '2015-08-07', '16:03:50', 0),
(31751776, 31749306, '2015-07-31', '17:20:44', 2),
(31781781, 31780726, '2015-08-03', '07:35:32', 1);

/*!40101 SET CHARACTER_SET_CLIENT=@OLD_CHARACTER_SET_CLIENT */;
/*!40101 SET CHARACTER_SET_RESULTS=@OLD_CHARACTER_SET_RESULTS */;
/*!40101 SET COLLATION_CONNECTION=@OLD_COLLATION_CONNECTION */;
